Name	CAS	InChIKey	canonicalSmiles	InternalStandard	Concentration	Concentration Unit	InCalSamples	UseCalSamples	CalibrationMethod	CalculateCalibration	Collision Energy	Collision Method	TS	Transition	Scan	Type	Precursor Ion	Product Ion	RT	PeakForm	RT shifts	Note	Neutral LG	Ion Polarity	Criteria
13C10 15N5 Adenosine monophosphate					1	然	{'_CAL10_': 2, '_CAL9_': 1, '_CAL8_': 0.75, '_CAL7_': 0.5, '_CAL6_': 0.25, '_CAL5_': 0.1, '_CAL4_': 0.05, '_CAL3_': 0.01, '_CAL2_': 0.001, '_CAL1_': 0.0001}		linear, 1/expConc.	FALSE	38	CID	1	361.0 -> 79.0	MRM	ISTD	361	79	11.818					Negative	Close RT
13C10 15N5 Deoxyadenosine monophosphate					1	然	{'_CAL10_': 2, '_CAL9_': 1, '_CAL8_': 0.75, '_CAL7_': 0.5, '_CAL6_': 0.25, '_CAL5_': 0.1, '_CAL4_': 0.05, '_CAL3_': 0.01, '_CAL2_': 0.001, '_CAL1_': 0.0001}		linear, 1/expConc.	FALSE	48	CID	1	345.0 -> 79.0	MRM	ISTD	345	79	12.347					Negative	Close RT
13C2 15N1 Glycine					1	然	{'_CAL10_': 2, '_CAL9_': 1, '_CAL8_': 0.75, '_CAL7_': 0.5, '_CAL6_': 0.25, '_CAL5_': 0.1, '_CAL4_': 0.05, '_CAL3_': 0.01, '_CAL2_': 0.001, '_CAL1_': 0.0001}		linear, 1/expConc.	FALSE	2	CID	1	77.0 -> 77.0	MRM	ISTD	77	77	1.186	coelution				Negative	Close RT
13C2 Taurine					1	然	{'_CAL10_': 2, '_CAL9_': 1, '_CAL8_': 0.75, '_CAL7_': 0.5, '_CAL6_': 0.25, '_CAL5_': 0.1, '_CAL4_': 0.05, '_CAL3_': 0.01, '_CAL2_': 0.001, '_CAL1_': 0.0001}		linear, 1/expConc.	FALSE	24	CID	1	126.0 -> 80.0	MRM	ISTD	126	80	1.225					Negative	Close RT
13C3 15N1 Serine					1	然	{'_CAL10_': 2, '_CAL9_': 1, '_CAL8_': 0.75, '_CAL7_': 0.5, '_CAL6_': 0.25, '_CAL5_': 0.1, '_CAL4_': 0.05, '_CAL3_': 0.01, '_CAL2_': 0.001, '_CAL1_': 0.0001}		linear, 1/expConc.	FALSE	8	CID	1	108.0 -> 77.1	MRM	ISTD	108	77.1	1.184					Negative	Close RT
13C4 15N1 Threonine					1	然	{'_CAL10_': 2, '_CAL9_': 1, '_CAL8_': 0.75, '_CAL7_': 0.5, '_CAL6_': 0.25, '_CAL5_': 0.1, '_CAL4_': 0.05, '_CAL3_': 0.01, '_CAL2_': 0.001, '_CAL1_': 0.0001}		linear, 1/expConc.	FALSE	9	CID	1	123.0 -> 77.1	MRM	ISTD	123	77.1	1.246					Negative	Close RT
13C5 15N Folic acid					1	然	{'_CAL10_': 2, '_CAL9_': 1, '_CAL8_': 0.75, '_CAL7_': 0.5, '_CAL6_': 0.25, '_CAL5_': 0.1, '_CAL4_': 0.05, '_CAL3_': 0.01, '_CAL2_': 0.001, '_CAL1_': 0.0001}		linear, 1/expConc.	FALSE	40	CID	1	446.0 -> 310.8	MRM	ISTD	446	310.8	14.974					Negative	Close RT
13C5 15N1 Methionine					1	然	{'_CAL10_': 2, '_CAL9_': 1, '_CAL8_': 0.75, '_CAL7_': 0.5, '_CAL6_': 0.25, '_CAL5_': 0.1, '_CAL4_': 0.05, '_CAL3_': 0.01, '_CAL2_': 0.001, '_CAL1_': 0.0001}		linear, 1/expConc.	FALSE	12	CID	1	154.0 -> 48.2	MRM	ISTD	154	48.2	1.676					Negative	Close RT
13C5 15N1 Proline					1	然	{'_CAL10_': 2, '_CAL9_': 1, '_CAL8_': 0.75, '_CAL7_': 0.5, '_CAL6_': 0.25, '_CAL5_': 0.1, '_CAL4_': 0.05, '_CAL3_': 0.01, '_CAL2_': 0.001, '_CAL1_': 0.0001}		linear, 1/expConc.	FALSE	12	CID	1	120.0 -> 73.1	MRM	ISTD	120	73.1	1.293					Negative	Close RT
13C5 15N1 Valine					1	然	{'_CAL10_': 2, '_CAL9_': 1, '_CAL8_': 0.75, '_CAL7_': 0.5, '_CAL6_': 0.25, '_CAL5_': 0.1, '_CAL4_': 0.05, '_CAL3_': 0.01, '_CAL2_': 0.001, '_CAL1_': 0.0001}		linear, 1/expConc.	FALSE	5	CID	1	182.0 -> 122.0	MRM	ISTD	182	122	1.425					Negative	Close RT
13C6 15N1 Isoleucine					1	然	{'_CAL10_': 2, '_CAL9_': 1, '_CAL8_': 0.75, '_CAL7_': 0.5, '_CAL6_': 0.25, '_CAL5_': 0.1, '_CAL4_': 0.05, '_CAL3_': 0.01, '_CAL2_': 0.001, '_CAL1_': 0.0001}		linear, 1/expConc.	FALSE	16	CID	1	137.0 -> 46.0	MRM	ISTD	137	46	2.011					Negative	Close RT
13C6 15N1 Leucine					1	然	{'_CAL10_': 2, '_CAL9_': 1, '_CAL8_': 0.75, '_CAL7_': 0.5, '_CAL6_': 0.25, '_CAL5_': 0.1, '_CAL4_': 0.05, '_CAL3_': 0.01, '_CAL2_': 0.001, '_CAL1_': 0.0001}		linear, 1/expConc.	FALSE	16	CID	1	137.0 -> 46.0	MRM	ISTD	137	46	2.196					Negative	Close RT
13C6 15N2 Lysine					1	然	{'_CAL9_': 1, '_CAL8_': 0.75, '_CAL7_': 0.5, '_CAL6_': 0.25, '_CAL5_': 0.1, '_CAL4_': 0.05, '_CAL3_': 0.01, '_CAL2_': 0.001, '_CAL1_': 0.0001}		linear, 1/expConc.	FALSE	2	CID	4	153.0 -> 153.0	MRM	ISTD	153	153	1.677					Negative	Close RT
13C6 15N3 Histidine					1	然	{'_CAL10_': 2, '_CAL9_': 1, '_CAL8_': 0.75, '_CAL7_': 0.5, '_CAL6_': 0.25, '_CAL5_': 0.1, '_CAL4_': 0.05, '_CAL3_': 0.01, '_CAL2_': 0.001, '_CAL1_': 0.0001}		linear, 1/expConc.	FALSE	16	CID	1	163.1 -> 100.1	MRM	ISTD	163.1	100.1	1.102					Negative	Close RT
13C6 15N4 Arginine					1	然	{'_CAL10_': 2, '_CAL9_': 1, '_CAL8_': 0.75, '_CAL7_': 0.5, '_CAL6_': 0.25, '_CAL5_': 0.1, '_CAL4_': 0.05, '_CAL3_': 0.01, '_CAL2_': 0.001, '_CAL1_': 0.0001}		linear, 1/expConc.	FALSE	11	CID	1	183.1 -> 138.0	MRM	ISTD	183.1	138	1.09	coelution				Negative	Close RT
13C9 15N2 Uridine monophosphate					1	然	{'_CAL10_': 2, '_CAL9_': 1, '_CAL8_': 0.75, '_CAL7_': 0.5, '_CAL6_': 0.25, '_CAL5_': 0.1, '_CAL4_': 0.05, '_CAL3_': 0.01, '_CAL2_': 0.001, '_CAL1_': 0.0001}		linear, 1/expConc.	FALSE	48	CID	1	334.0 -> 79.0	MRM	ISTD	334	79	10.351					Negative	Close RT
5 Methyl tetrahydrofolate	134-35-0	ZNOVTXRBGFNYRX-ZGTCLIOFSA-N	CN1C(CNC2=C1C(=O)NC(=N2)N)CNC3=CC=C(C=C3)C(=O)NC(CCC(=O)O)C(=O)O	13C5 15N Folic acid	100	然	{'_CAL9_': 1, '_CAL8_': 0.75, '_CAL7_': 0.5, '_CAL6_': 0.25, '_CAL5_': 0.1, '_CAL4_': 0.05, '_CAL3_': 0.01, '_CAL2_': 0.001, '_CAL1_': 0.0001}		linear, 1/expConc.	TRUE	20	CID	1	458.0 -> 277.0	MRM	Target	458	277	15.501					Negative	Close RT
5,10 Methenyl tetrahydrofolate				13C9 15N2 Uridine monophosphate 	10	然	{'_CAL9_': 1, '_CAL8_': 0.75, '_CAL7_': 0.5, '_CAL6_': 0.25, '_CAL5_': 0.1, '_CAL4_': 0.05, '_CAL3_': 0.01, '_CAL2_': 0.001, '_CAL1_': 0.0001}		linear, 1/expConc.	TRUE	20	CID	1	454.0 -> 324.6	MRM	Target	454	324.6	9.864					Negative	Close RT
Acetylcarnitine				D3 Acetylcarnitine	3.8	然	{'_CAL9_': 1, '_CAL8_': 0.75, '_CAL7_': 0.5, '_CAL6_': 0.25, '_CAL5_': 0.1, '_CAL4_': 0.05, '_CAL3_': 0.01, '_CAL2_': 0.001, '_CAL1_': 0.0001}		linear, 1/expConc.	TRUE	12	CID	1	262.1 -> 59.0	MRM	Target	262.1	59	1.317					Negative	Close RT
Aconitic acid				U13C Aconitic acid	1	然	{'_CAL9_': 1, '_CAL8_': 0.75, '_CAL7_': 0.5, '_CAL6_': 0.25, '_CAL5_': 0.1, '_CAL4_': 0.05, '_CAL3_': 0.01, '_CAL2_': 0.001, '_CAL1_': 0.0001}		linear, 1/expConc.	TRUE	10	CID	1	173.0 -> 85.1	MRM	Target	173	85.1	15.126					Negative	Close RT
Adenine				U13C Adenine	1	然	{'_CAL9_': 1, '_CAL8_': 0.75, '_CAL7_': 0.5, '_CAL6_': 0.25, '_CAL5_': 0.1, '_CAL4_': 0.05, '_CAL3_': 0.01, '_CAL2_': 0.001, '_CAL1_': 0.0001}		linear, 1/expConc.	TRUE	18	CID	1	134.0 -> 107.0	MRM	Target	134	107	2.579					Negative	Close RT
Adenosine	58-61-7	OIRDTQYFTABQOQ-KQYNXXCUSA-N	C1=NC(=C2C(=N1)N(C=N2)C3C(C(C(O3)CO)O)O)N	U13C Glyceric acid	1	然	{'_CAL9_': 1, '_CAL8_': 0.75, '_CAL7_': 0.5, '_CAL6_': 0.25, '_CAL5_': 0.1, '_CAL4_': 0.05, '_CAL3_': 0.01, '_CAL2_': 0.001, '_CAL1_': 0.0001}		linear, 1/expConc.	TRUE	20	CID	1	326.1 -> 134.0	MRM	Target	326.1	134	5.751	coelution				Negative	Close RT
Adenosine cyclic monophosphate				13C10 15N5 Adenosine monophosphate 	0.1	然	{'_CAL9_': 1, '_CAL8_': 0.75, '_CAL7_': 0.5, '_CAL6_': 0.25, '_CAL5_': 0.1, '_CAL4_': 0.05, '_CAL3_': 0.01, '_CAL2_': 0.001, '_CAL1_': 0.0001}		linear, 1/expConc.	TRUE	24	CID	1	328.0 -> 134.0	MRM	Target	328	134	13.131					Negative	Close RT
Adenosine monophosphate				13C10 15N5 Adenosine monophosphate 	10	然	{'_CAL9_': 1, '_CAL8_': 0.75, '_CAL7_': 0.5, '_CAL6_': 0.25, '_CAL5_': 0.1, '_CAL4_': 0.05, '_CAL3_': 0.01, '_CAL2_': 0.001, '_CAL1_': 0.0001}		linear, 1/expConc.	TRUE	38	CID	1	346.0 -> 79.0	MRM	Target	346	79	11.823					Negative	Close RT
Adenosine triphosphate				U13C Phenylpyruvic acid	1000	然	{'_CAL9_': 1, '_CAL8_': 0.75, '_CAL7_': 0.5, '_CAL6_': 0.25, '_CAL5_': 0.1, '_CAL4_': 0.05, '_CAL3_': 0.01, '_CAL2_': 0.001, '_CAL1_': 0.0001}		linear, 1/expConc.	TRUE	38	CID	1	506.0 -> 159.0	MRM	Target	506	159	17.102					Negative	Close RT
Adipic acid				U13C Malic acid	1	然	{'_CAL9_': 1, '_CAL8_': 0.75, '_CAL7_': 0.5, '_CAL6_': 0.25, '_CAL5_': 0.1, '_CAL4_': 0.05, '_CAL3_': 0.01, '_CAL2_': 0.001, '_CAL1_': 0.0001}		linear, 1/expConc.	TRUE	11	CID	1	145.1 -> 101.1	MRM	Target	145.1	101.1	13.76					Negative	Close RT
AICAR				U13C Tyrosine	1	然	{'_CAL9_': 1, '_CAL8_': 0.75, '_CAL7_': 0.5, '_CAL6_': 0.25, '_CAL5_': 0.1, '_CAL4_': 0.05, '_CAL3_': 0.01, '_CAL2_': 0.001, '_CAL1_': 0.0001}		linear, 1/expConc.	TRUE	10	CID	1	257.1 -> 125.0	MRM	Target	257.1	125	2.105	coelution				Negative	Close RT
Alanine				13C5 15N1 Methionine	125	然	{'_CAL10_': 2, '_CAL9_': 1, '_CAL8_': 0.75, '_CAL7_': 0.5, '_CAL6_': 0.25, '_CAL5_': 0.1, '_CAL4_': 0.05, '_CAL3_': 0.01, '_CAL2_': 0.001, '_CAL1_': 0.0001}		linear, 1/expConc.	TRUE	12	CID	6	148.1 -> 88.1	MRM	Target	148.1	88.1	1.237					Negative	Close RT
Allantoin				13C5 15N1 Proline	1	然	{'_CAL9_': 1, '_CAL8_': 0.75, '_CAL7_': 0.5, '_CAL6_': 0.25, '_CAL5_': 0.1, '_CAL4_': 0.05, '_CAL3_': 0.01, '_CAL2_': 0.001, '_CAL1_': 0.0001}		linear, 1/expConc.	TRUE	16	CID	1	157.0 -> 42.2	MRM	Target	157	42.2	1.289					Negative	Close RT
alpha-Ketoglutaric acid				U13C alpha-Ketoglutaric acid	10	然	{'_CAL9_': 1, '_CAL8_': 0.75, '_CAL7_': 0.5, '_CAL6_': 0.25, '_CAL5_': 0.1, '_CAL4_': 0.05, '_CAL3_': 0.01, '_CAL2_': 0.001, '_CAL1_': 0.0001}		linear, 1/expConc.	TRUE	5	CID	1	145.0 -> 101.0	MRM	Target	145	101	14.095					Negative	Close RT
Aminoadipic acid				U13C Aminoadipic acid	125	然	{'_CAL10_': 2, '_CAL9_': 1, '_CAL8_': 0.75, '_CAL7_': 0.5, '_CAL6_': 0.25, '_CAL5_': 0.1, '_CAL4_': 0.05, '_CAL3_': 0.01, '_CAL2_': 0.001, '_CAL1_': 0.0001}		linear, 1/expConc.	TRUE	9	CID	1	160.1 -> 142.0	MRM	Target	160.1	142	3.893		strong			Negative	Close RT
Aminobenzoic acid				U13C Nicotinamide adenine dinucleotide	1	然	{'_CAL9_': 1, '_CAL8_': 0.75, '_CAL7_': 0.5, '_CAL6_': 0.25, '_CAL5_': 0.1, '_CAL4_': 0.05, '_CAL3_': 0.01, '_CAL2_': 0.001, '_CAL1_': 0.0001}		linear, 1/expConc.	TRUE	8	CID	1	136.0 -> 92.0	MRM	Target	136	92	9.418					Negative	Close RT
Aminobutyric acid				U13C Aminobutyric acid	125	然	{'_CAL10_': 2, '_CAL9_': 1, '_CAL8_': 0.75, '_CAL7_': 0.5, '_CAL6_': 0.25, '_CAL5_': 0.1, '_CAL4_': 0.05, '_CAL3_': 0.01, '_CAL2_': 0.001, '_CAL1_': 0.0001}		linear, 1/expConc.	TRUE	8	CID	1	102.0 -> 84.1	MRM	Target	102	84.1	1.189					Negative	Close RT
Anthranillic acid				U13C N-Carbamyl-glutamic acid	1	然	{'_CAL9_': 1, '_CAL8_': 0.75, '_CAL7_': 0.5, '_CAL6_': 0.25, '_CAL5_': 0.1, '_CAL4_': 0.05, '_CAL3_': 0.01, '_CAL2_': 0.001, '_CAL1_': 0.0001}		linear, 1/expConc.	TRUE	13	CID	7	136.0 -> 92.1	MRM	Target	136	92.1	14.245					Negative	Close RT
Arabitol				U13C Xylitol	1	然	{'_CAL9_': 1, '_CAL8_': 0.75, '_CAL7_': 0.5, '_CAL6_': 0.25, '_CAL5_': 0.1, '_CAL4_': 0.05, '_CAL3_': 0.01, '_CAL2_': 0.001, '_CAL1_': 0.0001}		linear, 1/expConc.	TRUE	16	CID	1	151.0 -> 71.0	MRM	Target	151	71	1.257					Negative	Close RT
Arginine				U13C Arginine	125	然	{'_CAL10_': 2, '_CAL9_': 1, '_CAL8_': 0.75, '_CAL7_': 0.5, '_CAL6_': 0.25, '_CAL5_': 0.1, '_CAL4_': 0.05, '_CAL3_': 0.01, '_CAL2_': 0.001, '_CAL1_': 0.0001}		linear, 1/expConc.	TRUE	11	CID	1	173.1 -> 131.0	MRM	Target	173.1	131	1.09					Negative	Close RT
Argininosuccinic acid				U13C Argininosuccinic acid	1	然	{'_CAL9_': 1, '_CAL8_': 0.75, '_CAL7_': 0.5, '_CAL6_': 0.25, '_CAL5_': 0.1, '_CAL4_': 0.05, '_CAL3_': 0.01, '_CAL2_': 0.001, '_CAL1_': 0.0001}		linear, 1/expConc.	TRUE	27	CID	1	289.0 -> 131.1	MRM	Target	289	131.1	4.049		strong			Negative	Close RT
Asparagine				U13C Asparagine	100	然	{'_CAL9_': 1, '_CAL8_': 0.75, '_CAL7_': 0.5, '_CAL6_': 0.25, '_CAL5_': 0.1, '_CAL4_': 0.05, '_CAL3_': 0.01, '_CAL2_': 0.001, '_CAL1_': 0.0001}		linear, 1/expConc.	TRUE	4	CID	1	131.0 -> 113.0	MRM	Target	131	113	1.18					Negative	Close RT
Aspartic Acid				U13C Aspartic Acid	125	然	{'_CAL10_': 2, '_CAL9_': 1, '_CAL8_': 0.75, '_CAL7_': 0.5, '_CAL6_': 0.25, '_CAL5_': 0.1, '_CAL4_': 0.05, '_CAL3_': 0.01, '_CAL2_': 0.001, '_CAL1_': 0.0001}		linear, 1/expConc.	TRUE	14	CID	1	132.0 -> 71.0	MRM	Target	132	71	4.279		strong			Negative	Close RT
Butyrylcarnitine				D3 Butyrylcarnitine	0.76	然	{'_CAL9_': 1, '_CAL8_': 0.75, '_CAL7_': 0.5, '_CAL6_': 0.25, '_CAL5_': 0.1, '_CAL4_': 0.05, '_CAL3_': 0.01, '_CAL2_': 0.001, '_CAL1_': 0.0001}		linear, 1/expConc.	TRUE	12	CID	1	290.2 -> 87.0	MRM	Target	290.2	87	3.118	coelution	strong			Negative	Close RT
Canavanine				13C6 15N3 Histidine	50	然	{'_CAL9_': 1, '_CAL8_': 0.75, '_CAL7_': 0.5, '_CAL6_': 0.25, '_CAL5_': 0.1, '_CAL4_': 0.05, '_CAL3_': 0.01, '_CAL2_': 0.001, '_CAL1_': 0.0001}		linear, 1/expConc.	TRUE	8	CID	1	175.1 -> 118.0	MRM	Target	175.1	118	1.093					Negative	Close RT
Carnitine				D9 L-Carnitine	15.2	然	{'_CAL9_': 1, '_CAL8_': 0.75, '_CAL7_': 0.5, '_CAL6_': 0.25, '_CAL5_': 0.1, '_CAL4_': 0.05, '_CAL3_': 0.01, '_CAL2_': 0.001, '_CAL1_': 0.0001}		linear, 1/expConc.	TRUE	4	CID	1	220.1 -> 146.0	MRM	Target	220.1	146	1.177					Negative	Close RT
Chenodeoxycholic acid					5	然	{'_CAL9_': 1, '_CAL8_': 0.75, '_CAL7_': 0.5, '_CAL6_': 0.25, '_CAL5_': 0.1, '_CAL4_': 0.05, '_CAL3_': 0.01, '_CAL2_': 0.001, '_CAL1_': 0.0001}		linear, 1/expConc.	TRUE	33	CID	8	391.3 -> 391.3	MRM	Target	391.3	391.3	20.814					Negative	Close RT
Cholic acid					50	然	{'_CAL9_': 1, '_CAL8_': 0.75, '_CAL7_': 0.5, '_CAL6_': 0.25, '_CAL5_': 0.1, '_CAL4_': 0.05, '_CAL3_': 0.01, '_CAL2_': 0.001, '_CAL1_': 0.0001}		linear, 1/expConc.	TRUE	33	CID	9	407.3 -> 354.3	MRM	Target	407.3	345.3	21.055					Negative	Close RT
cis-Aconitic acid				U13C Aconitic acid	50	然	{'_CAL9_': 1, '_CAL8_': 0.75, '_CAL7_': 0.5, '_CAL6_': 0.25, '_CAL5_': 0.1, '_CAL4_': 0.05, '_CAL3_': 0.01, '_CAL2_': 0.001, '_CAL1_': 0.0001}		linear, 1/expConc.	TRUE	4	CID	1	173.0 -> 129.0	MRM	Target	173	129	15.124	coelution				Negative	Close RT
Citramalic acid				U13C Malic acid	1	然	{'_CAL9_': 1, '_CAL8_': 0.75, '_CAL7_': 0.5, '_CAL6_': 0.25, '_CAL5_': 0.1, '_CAL4_': 0.05, '_CAL3_': 0.01, '_CAL2_': 0.001, '_CAL1_': 0.0001}		linear, 1/expConc.	TRUE	12	CID	1	147.0 -> 85.1	MRM	Target	147	85.1	13.607	coelution				Negative	Close RT
Citric acid+Isocitric acid				U13C Citric acid	125	然	{'_CAL10_': 2, '_CAL9_': 1, '_CAL8_': 0.75, '_CAL7_': 0.5, '_CAL6_': 0.25, '_CAL5_': 0.1, '_CAL4_': 0.05, '_CAL3_': 0.01, '_CAL2_': 0.001, '_CAL1_': 0.0001}		linear, 1/expConc.	TRUE	10	CID	1	191.0 -> 111.0	MRM	Target	191	111	14.86		strong			Negative	Close RT
Citrulline				U13C Citrulline	125	然	{'_CAL10_': 2, '_CAL9_': 1, '_CAL8_': 0.75, '_CAL7_': 0.5, '_CAL6_': 0.25, '_CAL5_': 0.1, '_CAL4_': 0.05, '_CAL3_': 0.01, '_CAL2_': 0.001, '_CAL1_': 0.0001}		linear, 1/expConc.	TRUE	8	CID	1	174.1 -> 131.0	MRM	Target	174.1	131	1.247					Negative	Close RT
Creatine				U13C Xylitol	500	然	{'_CAL9_': 1, '_CAL8_': 0.75, '_CAL7_': 0.5, '_CAL6_': 0.25, '_CAL5_': 0.1, '_CAL4_': 0.05, '_CAL3_': 0.01, '_CAL2_': 0.001, '_CAL1_': 0.0001}		linear, 1/expConc.	TRUE	36	CID	1	130.1 -> 41.2	MRM	Target	130.1	41.2	1.271					Negative	Close RT
Creatine phosphate				U13C Dihydroorotic acid	500	然	{'_CAL9_': 1, '_CAL8_': 0.75, '_CAL7_': 0.5, '_CAL6_': 0.25, '_CAL5_': 0.1, '_CAL4_': 0.05, '_CAL3_': 0.01, '_CAL2_': 0.001, '_CAL1_': 0.0001}		linear, 1/expConc.	TRUE	4	CID	1	210.0 -> 96.9	MRM	Target	210	96.9	7.1			Rt changed by christoph		Negative	Close RT
Creatinine				13C5 15N1 Proline	125	然	{'_CAL10_': 2, '_CAL9_': 1, '_CAL8_': 0.75, '_CAL7_': 0.5, '_CAL6_': 0.25, '_CAL5_': 0.1, '_CAL4_': 0.05, '_CAL3_': 0.01, '_CAL2_': 0.001, '_CAL1_': 0.0001}		linear, 1/expConc.	TRUE	24	CID	1	112.0 -> 41.2	MRM	Target	112	41.2	1.313					Negative	Close RT
Cystathionine				13C3 15N1 Serine	125	然	{'_CAL10_': 2, '_CAL9_': 1, '_CAL8_': 0.75, '_CAL7_': 0.5, '_CAL6_': 0.25, '_CAL5_': 0.1, '_CAL4_': 0.05, '_CAL3_': 0.01, '_CAL2_': 0.001, '_CAL1_': 0.0001}		linear, 1/expConc.	TRUE	8	CID	1	221.1 -> 134.0	MRM	Target	221.1	134	1.183					Negative	Close RT
Cystine				U13C Proline	125	然	{'_CAL10_': 2, '_CAL9_': 1, '_CAL8_': 0.75, '_CAL7_': 0.5, '_CAL6_': 0.25, '_CAL5_': 0.1, '_CAL4_': 0.05, '_CAL3_': 0.01, '_CAL2_': 0.001, '_CAL1_': 0.0001}		linear, 1/expConc.	TRUE	20	CID	1	239.0 -> 74.1	MRM	Target	239	74.1	1.196					Negative	Close RT
Cytidine				13C5 15N1 Methionine	1	然	{'_CAL9_': 1, '_CAL8_': 0.75, '_CAL7_': 0.5, '_CAL6_': 0.25, '_CAL5_': 0.1, '_CAL4_': 0.05, '_CAL3_': 0.01, '_CAL2_': 0.001, '_CAL1_': 0.0001}		linear, 1/expConc.	TRUE	8	CID	1	242.1 -> 109.0	MRM	Target	242.1	109	1.615					Negative	Close RT
Cytidine monophosphate				U13C Nicotinamide adenine dinucleotide	10	然	{'_CAL9_': 1, '_CAL8_': 0.75, '_CAL7_': 0.5, '_CAL6_': 0.25, '_CAL5_': 0.1, '_CAL4_': 0.05, '_CAL3_': 0.01, '_CAL2_': 0.001, '_CAL1_': 0.0001}		linear, 1/expConc.	TRUE	44	CID	1	322.0 -> 79.0	MRM	Target	322	79	9.199		strong			Negative	Close RT
Cytidine triphosphate				U13C Phenylpyruvic acid	500	然	{'_CAL10_': 2, '_CAL9_': 1, '_CAL8_': 0.75, '_CAL7_': 0.5, '_CAL6_': 0.25, '_CAL5_': 0.1, '_CAL4_': 0.05, '_CAL3_': 0.01, '_CAL2_': 0.001, '_CAL1_': 0.0001}		linear, 1/expConc.	TRUE	40	CID	1	482.0 -> 158.8	MRM	Target	482	158.8	16.754	coelution				Negative	Close RT
Cytosine				13C5 15N1 Proline	50	然	{'_CAL9_': 1, '_CAL8_': 0.75, '_CAL7_': 0.5, '_CAL6_': 0.25, '_CAL5_': 0.1, '_CAL4_': 0.05, '_CAL3_': 0.01, '_CAL2_': 0.001, '_CAL1_': 0.0001}		linear, 1/expConc.	TRUE	12	CID	1	110.0 -> 42.2	MRM	Target	110	42.2	1.303					Negative	Close RT
D3 Acetylcarnitine					1	然	{'_CAL10_': 2, '_CAL9_': 1, '_CAL8_': 0.75, '_CAL7_': 0.5, '_CAL6_': 0.25, '_CAL5_': 0.1, '_CAL4_': 0.05, '_CAL3_': 0.01, '_CAL2_': 0.001, '_CAL1_': 0.0001}		linear, 1/expConc.	FALSE	12	CID	1	265.1 -> 59.0	MRM	ISTD	265.1	59	1.325	coelution				Negative	Close RT
D3 Butyrylcarnitine					1	然	{'_CAL10_': 2, '_CAL9_': 1, '_CAL8_': 0.75, '_CAL7_': 0.5, '_CAL6_': 0.25, '_CAL5_': 0.1, '_CAL4_': 0.05, '_CAL3_': 0.01, '_CAL2_': 0.001, '_CAL1_': 0.0001}		linear, 1/expConc.	FALSE	12	CID	1	293.2 -> 87.0	MRM	ISTD	293.2	87	3.096		strong			Negative	Close RT
D3 Octanoylcarnitine					1	然	{'_CAL10_': 2, '_CAL9_': 1, '_CAL8_': 0.75, '_CAL7_': 0.5, '_CAL6_': 0.25, '_CAL5_': 0.1, '_CAL4_': 0.05, '_CAL3_': 0.01, '_CAL2_': 0.001, '_CAL1_': 0.0001}		linear, 1/expConc.	FALSE	12	CID	1	349.2 -> 143.0	MRM	ISTD	349.2	143	17.518					Negative	Close RT
D3 Palmitoylcarnitine					1	然	{'_CAL10_': 2, '_CAL9_': 1, '_CAL8_': 0.75, '_CAL7_': 0.5, '_CAL6_': 0.25, '_CAL5_': 0.1, '_CAL4_': 0.05, '_CAL3_': 0.01, '_CAL2_': 0.001, '_CAL1_': 0.0001}		linear, 1/expConc.	FALSE	12	CID	1	461.3 -> 255.1	MRM	ISTD	461.3	255.1	22.671	coelution				Negative	Close RT
D3 Propionylcarnitine					1	然	{'_CAL10_': 2, '_CAL9_': 1, '_CAL8_': 0.75, '_CAL7_': 0.5, '_CAL6_': 0.25, '_CAL5_': 0.1, '_CAL4_': 0.05, '_CAL3_': 0.01, '_CAL2_': 0.001, '_CAL1_': 0.0001}		linear, 1/expConc.	FALSE	12	CID	1	279.1 -> 73.0	MRM	ISTD	279.1	73	1.653	Incorrect?				Negative	Close RT
D9 Isovalerylcarnitine					1	然	{'_CAL10_': 2, '_CAL9_': 1, '_CAL8_': 0.75, '_CAL7_': 0.5, '_CAL6_': 0.25, '_CAL5_': 0.1, '_CAL4_': 0.05, '_CAL3_': 0.01, '_CAL2_': 0.001, '_CAL1_': 0.0001}		linear, 1/expConc.	FALSE	12	CID	1	313.2 -> 101	MRM	ISTD	313.2	101	6.9					Negative	Close RT
D9 L-Carnitine					1	然	{'_CAL10_': 2, '_CAL9_': 1, '_CAL8_': 0.75, '_CAL7_': 0.5, '_CAL6_': 0.25, '_CAL5_': 0.1, '_CAL4_': 0.05, '_CAL3_': 0.01, '_CAL2_': 0.001, '_CAL1_': 0.0001}		linear, 1/expConc.	FALSE	4	CID	1	229.1 -> 152.0	MRM	ISTD	229.1	152	1.172					Negative	Close RT
D9 Myristoylcarnitine					1	然	{'_CAL10_': 2, '_CAL9_': 1, '_CAL8_': 0.75, '_CAL7_': 0.5, '_CAL6_': 0.25, '_CAL5_': 0.1, '_CAL4_': 0.05, '_CAL3_': 0.01, '_CAL2_': 0.001, '_CAL1_': 0.0001}		linear, 1/expConc.	FALSE	8	CID	1	439.3 -> 227.1	MRM	ISTD	439.3	227.1	22.05					Negative	Close RT
Dehydroshikimic acid				U13C Dihydroorotic acid	1	然	{'_CAL9_': 1, '_CAL8_': 0.75, '_CAL7_': 0.5, '_CAL6_': 0.25, '_CAL5_': 0.1, '_CAL4_': 0.05, '_CAL3_': 0.01, '_CAL2_': 0.001, '_CAL1_': 0.0001}		linear, 1/expConc.	TRUE	8	CID	1	171.0 -> 127.0	MRM	Target	171	127	7.116		strong			Negative	Close RT
Deoxy-(methylthio)adenosine				U13C Deoxy-(methylthio)adenosine	0.1	然	{'_CAL9_': 1, '_CAL8_': 0.75, '_CAL7_': 0.5, '_CAL6_': 0.25, '_CAL5_': 0.1, '_CAL4_': 0.05, '_CAL3_': 0.01, '_CAL2_': 0.001, '_CAL1_': 0.0001}		linear, 1/expConc.	TRUE	12	CID	1	356.1 -> 134.0	MRM	Target	356.1	134	11.383					Negative	Close RT
Deoxyadenosine				U13C Glyceric acid	10	然	{'_CAL9_': 1, '_CAL8_': 0.75, '_CAL7_': 0.5, '_CAL6_': 0.25, '_CAL5_': 0.1, '_CAL4_': 0.05, '_CAL3_': 0.01, '_CAL2_': 0.001, '_CAL1_': 0.0001}		linear, 1/expConc.	TRUE	4	CID	1	310.1 -> 250.0	MRM	Target	310.1	250	6.141	coelution				Negative	Close RT
Deoxyadenosine monophosphate				13C10 15N5 Deoxyadenosine monophosphate	1	然	{'_CAL9_': 1, '_CAL8_': 0.75, '_CAL7_': 0.5, '_CAL6_': 0.25, '_CAL5_': 0.1, '_CAL4_': 0.05, '_CAL3_': 0.01, '_CAL2_': 0.001, '_CAL1_': 0.0001}		linear, 1/expConc.	TRUE	48	CID	1	330.0 -> 79.0	MRM	Target	330	79	12.351		strong			Negative	Close RT
Deoxyadenosine triphosphate				U13C Phenylpyruvic acid	100	然	{'_CAL9_': 1, '_CAL8_': 0.75, '_CAL7_': 0.5, '_CAL6_': 0.25, '_CAL5_': 0.1, '_CAL4_': 0.05, '_CAL3_': 0.01, '_CAL2_': 0.001, '_CAL1_': 0.0001}		linear, 1/expConc.	TRUE	32	CID	1	490.0 -> 158.9	MRM	Target	490	158.9	17.207					Negative	Close RT
Deoxycholic acid					50	然	{'_CAL9_': 1, '_CAL8_': 0.75, '_CAL7_': 0.5, '_CAL6_': 0.25, '_CAL5_': 0.1, '_CAL4_': 0.05, '_CAL3_': 0.01, '_CAL2_': 0.001, '_CAL1_': 0.0001}		linear, 1/expConc.	TRUE	37	CID	10	391.3 -> 345.3	MRM	Target	391.3	345.3	21.784					Negative	Close RT
Deoxycytidine				13C6 15N1 Isoleucine	10	然	{'_CAL9_': 1, '_CAL8_': 0.75, '_CAL7_': 0.5, '_CAL6_': 0.25, '_CAL5_': 0.1, '_CAL4_': 0.05, '_CAL3_': 0.01, '_CAL2_': 0.001, '_CAL1_': 0.0001}		linear, 1/expConc.	TRUE	4	CID	1	286.1 -> 226.0	MRM	Target	286.1	226	1.844	coelution				Negative	Close RT
Deoxycytidine monophosphate				13C9 15N2 Uridine monophosphate 	1	然	{'_CAL9_': 1, '_CAL8_': 0.75, '_CAL7_': 0.5, '_CAL6_': 0.25, '_CAL5_': 0.1, '_CAL4_': 0.05, '_CAL3_': 0.01, '_CAL2_': 0.001, '_CAL1_': 0.0001}		linear, 1/expConc.	TRUE	44	CID	1	306.0 -> 79.0	MRM	Target	306	79	9.925					Negative	Close RT
Deoxycytidine triphosphate				U13C Phenylpyruvic acid	100	然	{'_CAL9_': 1, '_CAL8_': 0.75, '_CAL7_': 0.5, '_CAL6_': 0.25, '_CAL5_': 0.1, '_CAL4_': 0.05, '_CAL3_': 0.01, '_CAL2_': 0.001, '_CAL1_': 0.0001}		linear, 1/expConc.	TRUE	28	CID	1	466.0 -> 158.9	MRM	Target	466	158.9	16.81					Negative	Close RT
Deoxyguanosine				U13C Guanosine	1	然	{'_CAL9_': 1, '_CAL8_': 0.75, '_CAL7_': 0.5, '_CAL6_': 0.25, '_CAL5_': 0.1, '_CAL4_': 0.05, '_CAL3_': 0.01, '_CAL2_': 0.001, '_CAL1_': 0.0001}		linear, 1/expConc.	TRUE	36	CID	1	266.1 -> 108.0	MRM	Target	266.1	108	3.699					Negative	Close RT
Deoxyinosine				D3 Butyrylcarnitine	1	然	{'_CAL9_': 1, '_CAL8_': 0.75, '_CAL7_': 0.5, '_CAL6_': 0.25, '_CAL5_': 0.1, '_CAL4_': 0.05, '_CAL3_': 0.01, '_CAL2_': 0.001, '_CAL1_': 0.0001}		linear, 1/expConc.	TRUE	20	CID	1	251.1 -> 135.0	MRM	Target	251.1	135	3.14		strong			Negative	Close RT
Deoxyribose				U13C Xylitol	1	然	{'_CAL9_': 1, '_CAL8_': 0.75, '_CAL7_': 0.5, '_CAL6_': 0.25, '_CAL5_': 0.1, '_CAL4_': 0.05, '_CAL3_': 0.01, '_CAL2_': 0.001, '_CAL1_': 0.0001}		linear, 1/expConc.	TRUE	16	CID	1	193.1 -> 59.2	MRM	Target	193.1	59.2	1.344					Negative	Close RT
Deoxyribose phosphate				U13C Pyruvic acid	50	然	{'_CAL9_': 1, '_CAL8_': 0.75, '_CAL7_': 0.5, '_CAL6_': 0.25, '_CAL5_': 0.1, '_CAL4_': 0.05, '_CAL3_': 0.01, '_CAL2_': 0.001, '_CAL1_': 0.0001}		linear, 1/expConc.	TRUE	40	CID	1	213.0 -> 79.1	MRM	Target	213	79.1	8.989		strong			Negative	Close RT
Deoxythymidine triphosphate				U13C Phenylpyruvic acid	100	然	{'_CAL9_': 1, '_CAL8_': 0.75, '_CAL7_': 0.5, '_CAL6_': 0.25, '_CAL5_': 0.1, '_CAL4_': 0.05, '_CAL3_': 0.01, '_CAL2_': 0.001, '_CAL1_': 0.0001}		linear, 1/expConc.	TRUE	36	CID	1	481.0 -> 158.8	MRM	Target	481	158.8	17.139					Negative	Close RT
Deoxyuridine				U13C Uridine	0.1	然	{'_CAL9_': 1, '_CAL8_': 0.75, '_CAL7_': 0.5, '_CAL6_': 0.25, '_CAL5_': 0.1, '_CAL4_': 0.05, '_CAL3_': 0.01, '_CAL2_': 0.001, '_CAL1_': 0.0001}		linear, 1/expConc.	TRUE	6	CID	1	227.1 -> 184.0	MRM	Target	227.1	184	2.45			Rt changed by christoph		Negative	Close RT
Deoxyuridine triphosphate				U13C Phenylpyruvic acid	100	然	{'_CAL9_': 1, '_CAL8_': 0.75, '_CAL7_': 0.5, '_CAL6_': 0.25, '_CAL5_': 0.1, '_CAL4_': 0.05, '_CAL3_': 0.01, '_CAL2_': 0.001, '_CAL1_': 0.0001}		linear, 1/expConc.	TRUE	20	CID	1	467.0 -> 368.9	MRM	Target	467	368.9	17.007	coelution	strong			Negative	Close RT
Dihydrofolate				13C5 15N Folic acid	100	然	{'_CAL9_': 1, '_CAL8_': 0.75, '_CAL7_': 0.5, '_CAL6_': 0.25, '_CAL5_': 0.1, '_CAL4_': 0.05, '_CAL3_': 0.01, '_CAL2_': 0.001, '_CAL1_': 0.0001}		linear, 1/expConc.	TRUE	25	CID	1	442.0 -> 176.0	MRM	Target	442	176	14.213					Negative	Close RT
Dihydroorotic acid				U13C Dihydroorotic acid	1	然	{'_CAL9_': 1, '_CAL8_': 0.75, '_CAL7_': 0.5, '_CAL6_': 0.25, '_CAL5_': 0.1, '_CAL4_': 0.05, '_CAL3_': 0.01, '_CAL2_': 0.001, '_CAL1_': 0.0001}		linear, 1/expConc.	TRUE	5	CID	1	157.0 -> 113.0	MRM	Target	157	113	6.95	coelution	strong	Rt changed by christoph		Negative	Close RT
Dihydroxyacetone phosphate					10	然	{'_CAL9_': 1, '_CAL8_': 0.75, '_CAL7_': 0.5, '_CAL6_': 0.25, '_CAL5_': 0.1, '_CAL4_': 0.05, '_CAL3_': 0.01, '_CAL2_': 0.001, '_CAL1_': 0.0001}		linear, 1/expConc.	TRUE	6	CID	1	169.0 -> 97.0	MRM	Target	169	97	9.961		strong			Negative	Close RT
Dihydroxybenzoic acid				U13C alpha-Ketoglutaric acid	1	然	{'_CAL9_': 1, '_CAL8_': 0.75, '_CAL7_': 0.5, '_CAL6_': 0.25, '_CAL5_': 0.1, '_CAL4_': 0.05, '_CAL3_': 0.01, '_CAL2_': 0.001, '_CAL1_': 0.0001}		linear, 1/expConc.	TRUE	15	CID	1	153.0 -> 109.0	MRM	Target	153	109	14.22					Negative	Close RT
Dihydroxyisovalerate				13C9 15N2 Uridine monophosphate 	0.1	然	{'_CAL9_': 1, '_CAL8_': 0.75, '_CAL7_': 0.5, '_CAL6_': 0.25, '_CAL5_': 0.1, '_CAL4_': 0.05, '_CAL3_': 0.01, '_CAL2_': 0.001, '_CAL1_': 0.0001}		linear, 1/expConc.	TRUE	10	CID	1	133.1 -> 75.1	MRM	Target	133.1	75.1	10.494		strong			Negative	Close RT
Dimethyl Succinic acid				U13C alpha-Ketoglutaric acid	1	然	{'_CAL9_': 1, '_CAL8_': 0.75, '_CAL7_': 0.5, '_CAL6_': 0.25, '_CAL5_': 0.1, '_CAL4_': 0.05, '_CAL3_': 0.01, '_CAL2_': 0.001, '_CAL1_': 0.0001}		linear, 1/expConc.	TRUE	11	CID	1	145.1 -> 101.1	MRM	Target	145.1	101.1	14.094					Negative	Close RT
Epicatechin				U13C Pantothenic acid	10	然	{'_CAL9_': 1, '_CAL8_': 0.75, '_CAL7_': 0.5, '_CAL6_': 0.25, '_CAL5_': 0.1, '_CAL4_': 0.05, '_CAL3_': 0.01, '_CAL2_': 0.001, '_CAL1_': 0.0001}		linear, 1/expConc.	TRUE	11	CID	1	289.1 -> 245.0	MRM	Target	289.1	245	11.893					Negative	Close RT
Erythro-dihydrosphingosine				U13C Tryptophan	10	然	{'_CAL9_': 1, '_CAL8_': 0.75, '_CAL7_': 0.5, '_CAL6_': 0.25, '_CAL5_': 0.1, '_CAL4_': 0.05, '_CAL3_': 0.01, '_CAL2_': 0.001, '_CAL1_': 0.0001}		linear, 1/expConc.	TRUE	8	CID	1	300.3 -> 199.0	MRM	Target	300.3	199	8.362	Remove	strong			Negative	Close RT
Flavin adenine dinucleotide				U13C Phenylpyruvic acid	10	然	{'_CAL9_': 1, '_CAL8_': 0.75, '_CAL7_': 0.5, '_CAL6_': 0.25, '_CAL5_': 0.1, '_CAL4_': 0.05, '_CAL3_': 0.01, '_CAL2_': 0.001, '_CAL1_': 0.0001}		linear, 1/expConc.	TRUE	30	CID	1	784.1 -> 437.0	MRM	Target	784.1	437	16.851					Negative	Close RT
Folic Acid				13C5 15N Folic acid	1	然	{'_CAL9_': 1, '_CAL8_': 0.75, '_CAL7_': 0.5, '_CAL6_': 0.25, '_CAL5_': 0.1, '_CAL4_': 0.05, '_CAL3_': 0.01, '_CAL2_': 0.001, '_CAL1_': 0.0001}		linear, 1/expConc.	TRUE	40	CID	1	440.0 -> 311.0	MRM	Target	440	311	14.977					Negative	Close RT
Folinic acid				13C5 15N Folic acid	10	然	{'_CAL9_': 1, '_CAL8_': 0.75, '_CAL7_': 0.5, '_CAL6_': 0.25, '_CAL5_': 0.1, '_CAL4_': 0.05, '_CAL3_': 0.01, '_CAL2_': 0.001, '_CAL1_': 0.0001}		linear, 1/expConc.	TRUE	28	CID	1	472.2 -> 315.0	MRM	Target	472.2	315	14.625					Negative	Close RT
Fructose 1,6-biphosphate					50	然	{'_CAL9_': 1, '_CAL8_': 0.75, '_CAL7_': 0.5, '_CAL6_': 0.25, '_CAL5_': 0.1, '_CAL4_': 0.05, '_CAL3_': 0.01, '_CAL2_': 0.001, '_CAL1_': 0.0001}		linear, 1/expConc.	TRUE	22	CID	1	338.9 -> 97.0	MRM	Target	338.9	97	14.594					Negative	Close RT
Fumaric acid				13C10 15N5 Deoxyadenosine monophosphate	500	然	{'_CAL9_': 1, '_CAL8_': 0.75, '_CAL7_': 0.5, '_CAL6_': 0.25, '_CAL5_': 0.1, '_CAL4_': 0.05, '_CAL3_': 0.01, '_CAL2_': 0.001, '_CAL1_': 0.0001}		linear, 1/expConc.	TRUE	4	CID	11	115.0 -> 71.2	MRM	Target	115	71.2	14.432					Negative	Close RT
Galactosamine				13C6 15N4 Arginine	10	然	{'_CAL9_': 1, '_CAL8_': 0.75, '_CAL7_': 0.5, '_CAL6_': 0.25, '_CAL5_': 0.1, '_CAL4_': 0.05, '_CAL3_': 0.01, '_CAL2_': 0.001, '_CAL1_': 0.0001}		linear, 1/expConc.	TRUE	6	CID	1	238.1 -> 100.0	MRM	Target	238.1	100	1.083		strong			Negative	Close RT
gamma-Glu-Cys				U13C Sedoheptulose-7-phosphate	50	然	{'_CAL9_': 1, '_CAL8_': 0.75, '_CAL7_': 0.5, '_CAL6_': 0.25, '_CAL5_': 0.1, '_CAL4_': 0.05, '_CAL3_': 0.01, '_CAL2_': 0.001, '_CAL1_': 0.0001}		linear, 1/expConc.	TRUE	9	CID	1	249.1 -> 171.0	MRM	Target	249.1	171	7.75		strong			Negative	Close RT
Glucoheptonic acid				U13C Quinic acid	50	然	{'_CAL9_': 1, '_CAL8_': 0.75, '_CAL7_': 0.5, '_CAL6_': 0.25, '_CAL5_': 0.1, '_CAL4_': 0.05, '_CAL3_': 0.01, '_CAL2_': 0.001, '_CAL1_': 0.0001}		linear, 1/expConc.	TRUE	18	CID	1	225.1 -> 75.1	MRM	Target	225.1	75.1	5.615					Negative	Close RT
Glucosamine 6-phosphate				13C5 15N1 Valine	10	然	{'_CAL9_': 1, '_CAL8_': 0.75, '_CAL7_': 0.5, '_CAL6_': 0.25, '_CAL5_': 0.1, '_CAL4_': 0.05, '_CAL3_': 0.01, '_CAL2_': 0.001, '_CAL1_': 0.0001}		linear, 1/expConc.	TRUE	48	CID	1	258.0 -> 79.0	MRM	Target	258	79	1.441					Negative	Close RT
Glutamic acid				U13C Glutamic acid	125	然	{'_CAL10_': 2, '_CAL9_': 1, '_CAL8_': 0.75, '_CAL7_': 0.5, '_CAL6_': 0.25, '_CAL5_': 0.1, '_CAL4_': 0.05, '_CAL3_': 0.01, '_CAL2_': 0.001, '_CAL1_': 0.0001}		linear, 1/expConc.	TRUE	11	CID	1	146.0 -> 102.0	MRM	Target	146	102	4.1		strong			Negative	Close RT
Glutamine				U13C Glutamine	500	然	{'_CAL9_': 1, '_CAL8_': 0.75, '_CAL7_': 0.5, '_CAL6_': 0.25, '_CAL5_': 0.1, '_CAL4_': 0.05, '_CAL3_': 0.01, '_CAL2_': 0.001, '_CAL1_': 0.0001}		linear, 1/expConc.	TRUE	7	CID	1	145.1 -> 127.0	MRM	Target	145.1	127	1.195					Negative	Close RT
Gluthathione oxidized				U13C Succinic acid	50	然	{'_CAL9_': 1, '_CAL8_': 0.75, '_CAL7_': 0.5, '_CAL6_': 0.25, '_CAL5_': 0.1, '_CAL4_': 0.05, '_CAL3_': 0.01, '_CAL2_': 0.001, '_CAL1_': 0.0001}		linear, 1/expConc.	TRUE	24	CID	1	611.1 -> 306.1	MRM	Target	611.1	306.1	13.255					Negative	Close RT
Glyceric acid				U13C Glyceric acid	1	然	{'_CAL9_': 1, '_CAL8_': 0.75, '_CAL7_': 0.5, '_CAL6_': 0.25, '_CAL5_': 0.1, '_CAL4_': 0.05, '_CAL3_': 0.01, '_CAL2_': 0.001, '_CAL1_': 0.0001}		linear, 1/expConc.	TRUE	8	CID	1	105.0 -> 75.1	MRM	Target	105	75.1	5.444		strong			Negative	Close RT
Glycine				13C2 15N1 Glycine	125	然	{'_CAL10_': 2, '_CAL9_': 1, '_CAL8_': 0.75, '_CAL7_': 0.5, '_CAL6_': 0.25, '_CAL5_': 0.1, '_CAL4_': 0.05, '_CAL3_': 0.01, '_CAL2_': 0.001, '_CAL1_': 0.0001}		linear, 1/expConc.	TRUE	2	CID	1	74.0 -> 74.0	MRM	Target	74	74	1.183					Negative	Close RT
Guanidobutyric acid				U13C Proline	1	然	{'_CAL9_': 1, '_CAL8_': 0.75, '_CAL7_': 0.5, '_CAL6_': 0.25, '_CAL5_': 0.1, '_CAL4_': 0.05, '_CAL3_': 0.01, '_CAL2_': 0.001, '_CAL1_': 0.0001}		linear, 1/expConc.	TRUE	8	CID	1	144.1 -> 102.0	MRM	Target	144.1	102	1.303					Negative	Close RT
Guanine				13C6 15N1 Isoleucine	10	然	{'_CAL9_': 1, '_CAL8_': 0.75, '_CAL7_': 0.5, '_CAL6_': 0.25, '_CAL5_': 0.1, '_CAL4_': 0.05, '_CAL3_': 0.01, '_CAL2_': 0.001, '_CAL1_': 0.0001}		linear, 1/expConc.	TRUE	12	CID	1	150.0 -> 133.0	MRM	Target	150	133	1.75	coelution				Negative	Close RT
Guanosine				U13C Guanosine	1	然	{'_CAL9_': 1, '_CAL8_': 0.75, '_CAL7_': 0.5, '_CAL6_': 0.25, '_CAL5_': 0.1, '_CAL4_': 0.05, '_CAL3_': 0.01, '_CAL2_': 0.001, '_CAL1_': 0.0001}		linear, 1/expConc.	TRUE	17	CID	1	282.1 -> 150.0	MRM	Target	282.1	150	3.376		strong			Negative	Close RT
Guanosine cyclic monophosphate				13C10 15N5 Adenosine monophosphate 	1	然	{'_CAL9_': 1, '_CAL8_': 0.75, '_CAL7_': 0.5, '_CAL6_': 0.25, '_CAL5_': 0.1, '_CAL4_': 0.05, '_CAL3_': 0.01, '_CAL2_': 0.001, '_CAL1_': 0.0001}		linear, 1/expConc.	TRUE	24	CID	1	344.0 -> 150.0	MRM	Target	344	150	11.895					Negative	Close RT
Guanosine triphosphate				U13C Phenylpyruvic acid	50	然	{'_CAL9_': 1, '_CAL8_': 0.75, '_CAL7_': 0.5, '_CAL6_': 0.25, '_CAL5_': 0.1, '_CAL4_': 0.05, '_CAL3_': 0.01, '_CAL2_': 0.001, '_CAL1_': 0.0001}		linear, 1/expConc.	TRUE	36	CID	1	522.3 -> 158.9	MRM	Target	522.3	158.9	16.889					Negative	Close RT
Hexose				13C2 Taurine	500	然	{'_CAL9_': 1, '_CAL8_': 0.75, '_CAL7_': 0.5, '_CAL6_': 0.25, '_CAL5_': 0.1, '_CAL4_': 0.05, '_CAL3_': 0.01, '_CAL2_': 0.001, '_CAL1_': 0.0001}		linear, 1/expConc.	TRUE	4	CID	1	179.1 -> 89.0	MRM	Target	179.1	89	1.234					Negative	Close RT
Hexose 1-phosphate				U13C Hexose 1-phosphate	10	然	{'_CAL9_': 1, '_CAL8_': 0.75, '_CAL7_': 0.5, '_CAL6_': 0.25, '_CAL5_': 0.1, '_CAL4_': 0.05, '_CAL3_': 0.01, '_CAL2_': 0.001, '_CAL1_': 0.0001}		linear, 1/expConc.	TRUE	28	CID	1	259.0 -> 79.0	MRM	Target	259	79	7.758					Negative	Close RT
Hexose 6-phosphate				U13C Hexose 6-phosphate	10	然	{'_CAL9_': 1, '_CAL8_': 0.75, '_CAL7_': 0.5, '_CAL6_': 0.25, '_CAL5_': 0.1, '_CAL4_': 0.05, '_CAL3_': 0.01, '_CAL2_': 0.001, '_CAL1_': 0.0001}		linear, 1/expConc.	TRUE	48	CID	1	259.0 -> 79.0	MRM	Target	259	79	7.095					Negative	Close RT
Histidine				13C6 15N3 Histidine	125	然	{'_CAL10_': 2, '_CAL9_': 1, '_CAL8_': 0.75, '_CAL7_': 0.5, '_CAL6_': 0.25, '_CAL5_': 0.1, '_CAL4_': 0.05, '_CAL3_': 0.01, '_CAL2_': 0.001, '_CAL1_': 0.0001}		linear, 1/expConc.	TRUE	16	CID	1	154.1 -> 93.1	MRM	Target	154.1	93.1	1.102					Negative	Close RT
Homocitrate					50	然	{'_CAL9_': 1, '_CAL8_': 0.75, '_CAL7_': 0.5, '_CAL6_': 0.25, '_CAL5_': 0.1, '_CAL4_': 0.05, '_CAL3_': 0.01, '_CAL2_': 0.001, '_CAL1_': 0.0001}		linear, 1/expConc.	TRUE	10	CID	1	205.0 -> 125.0	MRM	Target	205	125	15.131	coelution				Negative	Close RT
Homocystine				13C5 15N1 Valine	125	然	{'_CAL10_': 2, '_CAL9_': 1, '_CAL8_': 0.75, '_CAL7_': 0.5, '_CAL6_': 0.25, '_CAL5_': 0.1, '_CAL4_': 0.05, '_CAL3_': 0.01, '_CAL2_': 0.001, '_CAL1_': 0.0001}		linear, 1/expConc.	TRUE	8	CID	1	267.0 -> 132.0	MRM	Target	267	132	1.406					Negative	Close RT
Homoserine				13C3 15N1 Serine	10	然	{'_CAL9_': 1, '_CAL8_': 0.75, '_CAL7_': 0.5, '_CAL6_': 0.25, '_CAL5_': 0.1, '_CAL4_': 0.05, '_CAL3_': 0.01, '_CAL2_': 0.001, '_CAL1_': 0.0001}		linear, 1/expConc.	TRUE	10	CID	1	118.0 -> 72.1	MRM	Target	118	72.1	1.252					Negative	Close RT
Hydroxy hippuric acid				U13C Phenylpyruvic acid	1	然	{'_CAL9_': 1, '_CAL8_': 0.75, '_CAL7_': 0.5, '_CAL6_': 0.25, '_CAL5_': 0.1, '_CAL4_': 0.05, '_CAL3_': 0.01, '_CAL2_': 0.001, '_CAL1_': 0.0001}		linear, 1/expConc.	TRUE	11	CID	1	194.0 -> 150.0	MRM	Target	194	150	16.288					Negative	Close RT
Hydroxyanthranilic acid				U13C Pantothenic acid	1	然	{'_CAL9_': 1, '_CAL8_': 0.75, '_CAL7_': 0.5, '_CAL6_': 0.25, '_CAL5_': 0.1, '_CAL4_': 0.05, '_CAL3_': 0.01, '_CAL2_': 0.001, '_CAL1_': 0.0001}		linear, 1/expConc.	TRUE	12	CID	1	152.0 -> 108.0	MRM	Target	152	108	11.794					Negative	Close RT
Hydroxybenzoic acid					10	然	{'_CAL9_': 1, '_CAL8_': 0.75, '_CAL7_': 0.5, '_CAL6_': 0.25, '_CAL5_': 0.1, '_CAL4_': 0.05, '_CAL3_': 0.01, '_CAL2_': 0.001, '_CAL1_': 0.0001}		linear, 1/expConc.	TRUE	10	CID	1	137.0 -> 93.1	MRM	Target	137	93.1	13.297					Negative	Close RT
Hydroxyethylindole				13C5 15N Folic acid	1	然	{'_CAL9_': 1, '_CAL8_': 0.75, '_CAL7_': 0.5, '_CAL6_': 0.25, '_CAL5_': 0.1, '_CAL4_': 0.05, '_CAL3_': 0.01, '_CAL2_': 0.001, '_CAL1_': 0.0001}		linear, 1/expConc.	TRUE	14	CID	1	160.1 -> 130.1	MRM	Target	160.1	130.1	15.036					Negative	Close RT
Hydroxy-glutamic acid				U13C Glutamic acid	1	然	{'_CAL9_': 1, '_CAL8_': 0.75, '_CAL7_': 0.5, '_CAL6_': 0.25, '_CAL5_': 0.1, '_CAL4_': 0.05, '_CAL3_': 0.01, '_CAL2_': 0.001, '_CAL1_': 0.0001}		linear, 1/expConc.	TRUE	6	CID	1	162.0 -> 144.0	MRM	Target	162	144	4.457		strong			Negative	Close RT
Hydroxyglutaric acid				U13C Malic acid	1	然	{'_CAL9_': 1, '_CAL8_': 0.75, '_CAL7_': 0.5, '_CAL6_': 0.25, '_CAL5_': 0.1, '_CAL4_': 0.05, '_CAL3_': 0.01, '_CAL2_': 0.001, '_CAL1_': 0.0001}		linear, 1/expConc.	TRUE	7	CID	1	147.0 -> 128.9	MRM	Target	147	128.9	13.607					Negative	Close RT
Hydroxy-indoleacetic acid				U13C Pantothenic acid	1	然	{'_CAL9_': 1, '_CAL8_': 0.75, '_CAL7_': 0.5, '_CAL6_': 0.25, '_CAL5_': 0.1, '_CAL4_': 0.05, '_CAL3_': 0.01, '_CAL2_': 0.001, '_CAL1_': 0.0001}		linear, 1/expConc.	TRUE	21	CID	1	190.1 -> 144.0	MRM	Target	190.1	144	12.659					Negative	Close RT
Hydroxy-kynurenine				U13C Tyrosine	1	然	{'_CAL9_': 1, '_CAL8_': 0.75, '_CAL7_': 0.5, '_CAL6_': 0.25, '_CAL5_': 0.1, '_CAL4_': 0.05, '_CAL3_': 0.01, '_CAL2_': 0.001, '_CAL1_': 0.0001}		linear, 1/expConc.	TRUE	4	CID	1	223.1 -> 205.9	MRM	Target	223.1	205.9	2.084					Negative	Close RT
Hydroxynicotinic acid				U13C Pyruvic acid	0.1	然	{'_CAL9_': 1, '_CAL8_': 0.75, '_CAL7_': 0.5, '_CAL6_': 0.25, '_CAL5_': 0.1, '_CAL4_': 0.05, '_CAL3_': 0.01, '_CAL2_': 0.001, '_CAL1_': 0.0001}		linear, 1/expConc.	TRUE	10	CID	1	138.0 -> 94.1	MRM	Target	138	94.1	8.637					Negative	Close RT
Hydroxyphenylacetic acid				U13C alpha-Ketoglutaric acid	1	然	{'_CAL9_': 1, '_CAL8_': 0.75, '_CAL7_': 0.5, '_CAL6_': 0.25, '_CAL5_': 0.1, '_CAL4_': 0.05, '_CAL3_': 0.01, '_CAL2_': 0.001, '_CAL1_': 0.0001}		linear, 1/expConc.	TRUE	4	CID	1	151.0 -> 107.1	MRM	Target	151	107.1	13.902	coelution				Negative	Close RT
Hydroxyphenyl-pyruvic acid				U13C N-Carbamyl-glutamic acid	1	然	{'_CAL9_': 1, '_CAL8_': 0.75, '_CAL7_': 0.5, '_CAL6_': 0.25, '_CAL5_': 0.1, '_CAL4_': 0.05, '_CAL3_': 0.01, '_CAL2_': 0.001, '_CAL1_': 0.0001}		linear, 1/expConc.	TRUE	4	CID	1	179.0 -> 107.0	MRM	Target	179	107	14.37	coelution				Negative	Close RT
Hydroxy-proline				13C5 15N1 Proline	125	然	{'_CAL10_': 2, '_CAL9_': 1, '_CAL8_': 0.75, '_CAL7_': 0.5, '_CAL6_': 0.25, '_CAL5_': 0.1, '_CAL4_': 0.05, '_CAL3_': 0.01, '_CAL2_': 0.001, '_CAL1_': 0.0001}		linear, 1/expConc.	TRUE	12	CID	1	130.1 -> 128.0	MRM	Target	130.1	128	1.215					Negative	Close RT
Hypoxanthine				13C5 15N1 Methionine	10	然	{'_CAL9_': 1, '_CAL8_': 0.75, '_CAL7_': 0.5, '_CAL6_': 0.25, '_CAL5_': 0.1, '_CAL4_': 0.05, '_CAL3_': 0.01, '_CAL2_': 0.001, '_CAL1_': 0.0001}		linear, 1/expConc.	TRUE	17	CID	1	135.0 -> 92.0	MRM	Target	135	92	1.653	coelution				Negative	Close RT
Indoleacetic acid				U13C Phenylpyruvic acid	10	然	{'_CAL9_': 1, '_CAL8_': 0.75, '_CAL7_': 0.5, '_CAL6_': 0.25, '_CAL5_': 0.1, '_CAL4_': 0.05, '_CAL3_': 0.01, '_CAL2_': 0.001, '_CAL1_': 0.0001}		linear, 1/expConc.	TRUE	7	CID	1	174.1 -> 130.0	MRM	Target	174.1	130	16.208					Negative	Close RT
Indoline-2-carboxylate				U13C Isopropylmalic acid	1	然	{'_CAL9_': 1, '_CAL8_': 0.75, '_CAL7_': 0.5, '_CAL6_': 0.25, '_CAL5_': 0.1, '_CAL4_': 0.05, '_CAL3_': 0.01, '_CAL2_': 0.001, '_CAL1_': 0.0001}		linear, 1/expConc.	TRUE	11	CID	1	162.1 -> 118.0	MRM	Target	162.1	118	15.894		strong			Negative	Close RT
Inosine				U13C Guanosine	10	然	{'_CAL9_': 1, '_CAL8_': 0.75, '_CAL7_': 0.5, '_CAL6_': 0.25, '_CAL5_': 0.1, '_CAL4_': 0.05, '_CAL3_': 0.01, '_CAL2_': 0.001, '_CAL1_': 0.0001}		linear, 1/expConc.	TRUE	44	CID	1	267.1 -> 108.0	MRM	Target	267.1	108	2.859	coelution				Negative	Close RT
Inosine monophosphate				13C10 15N5 Adenosine monophosphate 	10	然	{'_CAL9_': 1, '_CAL8_': 0.75, '_CAL7_': 0.5, '_CAL6_': 0.25, '_CAL5_': 0.1, '_CAL4_': 0.05, '_CAL3_': 0.01, '_CAL2_': 0.001, '_CAL1_': 0.0001}		linear, 1/expConc.	TRUE	44	CID	1	347.0 -> 79.0	MRM	Target	347	79	10.719					Negative	Close RT
Inosine triphosphate				U13C Phenylpyruvic acid	50	然	{'_CAL9_': 1, '_CAL8_': 0.75, '_CAL7_': 0.5, '_CAL6_': 0.25, '_CAL5_': 0.1, '_CAL4_': 0.05, '_CAL3_': 0.01, '_CAL2_': 0.001, '_CAL1_': 0.0001}		linear, 1/expConc.	TRUE	40	CID	1	507.0 -> 159.0	MRM	Target	507	159	17.102	coelution				Negative	Close RT
Isoleucine				13C6 15N1 Isoleucine	125	然	{'_CAL10_': 2, '_CAL9_': 1, '_CAL8_': 0.75, '_CAL7_': 0.5, '_CAL6_': 0.25, '_CAL5_': 0.1, '_CAL4_': 0.05, '_CAL3_': 0.01, '_CAL2_': 0.001, '_CAL1_': 0.0001}		linear, 1/expConc.	TRUE	16	CID	1	130.0 -> 45.0	MRM	Target	130	45	2.012					Negative	Close RT
Isopentyl acetate				U13C Malic acid	10	然	{'_CAL9_': 1, '_CAL8_': 0.75, '_CAL7_': 0.5, '_CAL6_': 0.25, '_CAL5_': 0.1, '_CAL4_': 0.05, '_CAL3_': 0.01, '_CAL2_': 0.001, '_CAL1_': 0.0001}		linear, 1/expConc.	TRUE	6	CID	1	129.1 -> 85.2	MRM	Target	129.1	85.2	13.428		strong			Negative	Close RT
Isopropylmalic acid				U13C Isopropylmalic acid	1	然	{'_CAL9_': 1, '_CAL8_': 0.75, '_CAL7_': 0.5, '_CAL6_': 0.25, '_CAL5_': 0.1, '_CAL4_': 0.05, '_CAL3_': 0.01, '_CAL2_': 0.001, '_CAL1_': 0.0001}		linear, 1/expConc.	TRUE	13	CID	1	175.1 -> 115.0	MRM	Target	175.1	115	15.212					Negative	Close RT
Isovalerylcarnitine				D9 Isovalerylcarnitine	0.76	然	{'_CAL9_': 1, '_CAL8_': 0.75, '_CAL7_': 0.5, '_CAL6_': 0.25, '_CAL5_': 0.1, '_CAL4_': 0.05, '_CAL3_': 0.01, '_CAL2_': 0.001, '_CAL1_': 0.0001}		linear, 1/expConc.	TRUE	12	CID	1	304.2 -> 101	MRM	Target	304.2	101	6.9					Negative	Close RT
Itaconic acid				U13C Malic acid	50	然	{'_CAL9_': 1, '_CAL8_': 0.75, '_CAL7_': 0.5, '_CAL6_': 0.25, '_CAL5_': 0.1, '_CAL4_': 0.05, '_CAL3_': 0.01, '_CAL2_': 0.001, '_CAL1_': 0.0001}		linear, 1/expConc.	TRUE	6	CID	1	129.0 -> 85.1	MRM	Target	129	85.1	13.45	coelution	strong	Rt changed by christoph		Negative	Close RT
Ketobutyrate				U13C Pantothenic acid	100	然	{'_CAL9_': 1, '_CAL8_': 0.75, '_CAL7_': 0.5, '_CAL6_': 0.25, '_CAL5_': 0.1, '_CAL4_': 0.05, '_CAL3_': 0.01, '_CAL2_': 0.001, '_CAL1_': 0.0001}		linear, 1/expConc.	TRUE	4	CID	1	101.0 -> 57.2	MRM	Target	101	57.2	12.126					Negative	Close RT
Kynurenine II				U13C Aconitic acid	100	然	{'_CAL9_': 1, '_CAL8_': 0.75, '_CAL7_': 0.5, '_CAL6_': 0.25, '_CAL5_': 0.1, '_CAL4_': 0.05, '_CAL3_': 0.01, '_CAL2_': 0.001, '_CAL1_': 0.0001}		linear, 1/expConc.	TRUE	40	CID	13	144.0 -> 66.0	MRM	Target	144	66	15.104					Negative	Close RT
Kynurenic acid				U13C Aconitic acid	10	然	{'_CAL9_': 1, '_CAL8_': 0.75, '_CAL7_': 0.5, '_CAL6_': 0.25, '_CAL5_': 0.1, '_CAL4_': 0.05, '_CAL3_': 0.01, '_CAL2_': 0.001, '_CAL1_': 0.0001}		linear, 1/expConc.	TRUE	17	CID	12	188.0 -> 144.1	MRM	Target	188	144.1	15.1					Negative	Close RT
Kynurenine					100	然	{'_CAL9_': 1, '_CAL8_': 0.75, '_CAL7_': 0.5, '_CAL6_': 0.25, '_CAL5_': 0.1, '_CAL4_': 0.05, '_CAL3_': 0.01, '_CAL2_': 0.001, '_CAL1_': 0.0001}		linear, 1/expConc.	TRUE	4	CID	1	207.1 -> 190.0	MRM	Target	207.1	190	3.692					Negative	Close RT
Lactic acid				U13C Dihydroorotic acid	500	然	{'_CAL9_': 1, '_CAL8_': 0.75, '_CAL7_': 0.5, '_CAL6_': 0.25, '_CAL5_': 0.1, '_CAL4_': 0.05, '_CAL3_': 0.01, '_CAL2_': 0.001, '_CAL1_': 0.0001}		linear, 1/expConc.	TRUE	10	CID	1	89.0 -> 43.3	MRM	Target	89	43.3	7.127		strong			Negative	Close RT
Leucine				13C6 15N1 Leucine	125	然	{'_CAL10_': 2, '_CAL9_': 1, '_CAL8_': 0.75, '_CAL7_': 0.5, '_CAL6_': 0.25, '_CAL5_': 0.1, '_CAL4_': 0.05, '_CAL3_': 0.01, '_CAL2_': 0.001, '_CAL1_': 0.0001}		linear, 1/expConc.	TRUE	16	CID	1	130.0 -> 45.0	MRM	Target	130	45	2.191					Negative	Close RT
Lipoamide					10	然	{'_CAL9_': 1, '_CAL8_': 0.75, '_CAL7_': 0.5, '_CAL6_': 0.25, '_CAL5_': 0.1, '_CAL4_': 0.05, '_CAL3_': 0.01, '_CAL2_': 0.001, '_CAL1_': 0.0001}		linear, 1/expConc.	TRUE	4	CID	1	204.1 -> 158.0	MRM	Target	204.1	158	16.464					Negative	Close RT
Lysine				13C5 15N1 Methionine	125	然	{'_CAL10_': 2, '_CAL9_': 1, '_CAL8_': 0.75, '_CAL7_': 0.5, '_CAL6_': 0.25, '_CAL5_': 0.1, '_CAL4_': 0.05, '_CAL3_': 0.01, '_CAL2_': 0.001, '_CAL1_': 0.0001}		linear, 1/expConc.	TRUE	2	CID	14	145.0 -> 145.0	MRM	Target	145	145	1.238					Negative	Close RT
Maleic acid				13C10 15N5 Deoxyadenosine monophosphate	500	然	{'_CAL9_': 1, '_CAL8_': 0.75, '_CAL7_': 0.5, '_CAL6_': 0.25, '_CAL5_': 0.1, '_CAL4_': 0.05, '_CAL3_': 0.01, '_CAL2_': 0.001, '_CAL1_': 0.0001}		linear, 1/expConc.	TRUE	7	CID	1	115.0 -> 71.2	MRM	Target	115	71.2	12.456					Negative	Close RT
Malic acid				U13C Malic acid	50	然	{'_CAL9_': 1, '_CAL8_': 0.75, '_CAL7_': 0.5, '_CAL6_': 0.25, '_CAL5_': 0.1, '_CAL4_': 0.05, '_CAL3_': 0.01, '_CAL2_': 0.001, '_CAL1_': 0.0001}		linear, 1/expConc.	TRUE	8	CID	1	133.0 -> 115.0	MRM	Target	133	115	13.53					Negative	Close RT
Malonic acid				U13C Malonic acid	10	然	{'_CAL9_': 1, '_CAL8_': 0.75, '_CAL7_': 0.5, '_CAL6_': 0.25, '_CAL5_': 0.1, '_CAL4_': 0.05, '_CAL3_': 0.01, '_CAL2_': 0.001, '_CAL1_': 0.0001}		linear, 1/expConc.	TRUE	7	CID	1	103.0 -> 59.2	MRM	Target	103	59.2	12.495					Negative	Close RT
Methionine				13C5 15N1 Methionine	125	然	{'_CAL10_': 2, '_CAL9_': 1, '_CAL8_': 0.75, '_CAL7_': 0.5, '_CAL6_': 0.25, '_CAL5_': 0.1, '_CAL4_': 0.05, '_CAL3_': 0.01, '_CAL2_': 0.001, '_CAL1_': 0.0001}		linear, 1/expConc.	TRUE	12	CID	1	148.0 -> 47.2	MRM	Target	148	47.2	1.677					Negative	Close RT
Methoxytryptamine				13C6 15N1 Leucine	10	然	{'_CAL9_': 1, '_CAL8_': 0.75, '_CAL7_': 0.5, '_CAL6_': 0.25, '_CAL5_': 0.1, '_CAL4_': 0.05, '_CAL3_': 0.01, '_CAL2_': 0.001, '_CAL1_': 0.0001}		linear, 1/expConc.	TRUE	12	CID	1	189.1 -> 174.0	MRM	Target	189.1	174	2.226					Negative	Close RT
Methylglutaric acid				U13C alpha-Ketoglutaric acid	10	然	{'_CAL9_': 1, '_CAL8_': 0.75, '_CAL7_': 0.5, '_CAL6_': 0.25, '_CAL5_': 0.1, '_CAL4_': 0.05, '_CAL3_': 0.01, '_CAL2_': 0.001, '_CAL1_': 0.0001}		linear, 1/expConc.	TRUE	52	CID	1	145.1 -> 41.3	MRM	Target	145.1	41.3	13.993					Negative	Close RT
Mevalonic acid				U13C Nicotinamide adenine dinucleotide	10	然	{'_CAL9_': 1, '_CAL8_': 0.75, '_CAL7_': 0.5, '_CAL6_': 0.25, '_CAL5_': 0.1, '_CAL4_': 0.05, '_CAL3_': 0.01, '_CAL2_': 0.001, '_CAL1_': 0.0001}		linear, 1/expConc.	TRUE	8	CID	1	147.1 -> 128.9	MRM	Target	147.1	128.9	9.111		strong			Negative	Close RT
Mevalonolactone					50	然	{'_CAL9_': 1, '_CAL8_': 0.75, '_CAL7_': 0.5, '_CAL6_': 0.25, '_CAL5_': 0.1, '_CAL4_': 0.05, '_CAL3_': 0.01, '_CAL2_': 0.001, '_CAL1_': 0.0001}		linear, 1/expConc.	TRUE	6	CID	1	189.1 -> 59.1	MRM	Target	189.1	59.1	2.647					Negative	Close RT
Muconic acid				13C5 15N Folic acid	10	然	{'_CAL9_': 1, '_CAL8_': 0.75, '_CAL7_': 0.5, '_CAL6_': 0.25, '_CAL5_': 0.1, '_CAL4_': 0.05, '_CAL3_': 0.01, '_CAL2_': 0.001, '_CAL1_': 0.0001}		linear, 1/expConc.	TRUE	8	CID	1	141.0 -> 53.3	MRM	Target	141	53.3	14.417		strong			Negative	Close RT
Muricholic acid					0.1	然	{'_CAL9_': 1, '_CAL8_': 0.75, '_CAL7_': 0.5, '_CAL6_': 0.25, '_CAL5_': 0.1, '_CAL4_': 0.05, '_CAL3_': 0.01, '_CAL2_': 0.001, '_CAL1_': 0.0001}		linear, 1/expConc.	TRUE	37	CID	16	407.3 -> 405.2	MRM	Target	407.3	405.2	20.06					Negative	Close RT
Myristoylcarnitine				D9 Myristoylcarnitine	0.76	然	{'_CAL9_': 1, '_CAL8_': 0.75, '_CAL7_': 0.5, '_CAL6_': 0.25, '_CAL5_': 0.1, '_CAL4_': 0.05, '_CAL3_': 0.01, '_CAL2_': 0.001, '_CAL1_': 0.0001}		linear, 1/expConc.	TRUE	8	CID	1	430.3 -> 227.1	MRM	Target	430.3	227.1	22.05					Negative	Close RT
N-Acetyl galactosamine				D3 Acetylcarnitine	10	然	{'_CAL9_': 1, '_CAL8_': 0.75, '_CAL7_': 0.5, '_CAL6_': 0.25, '_CAL5_': 0.1, '_CAL4_': 0.05, '_CAL3_': 0.01, '_CAL2_': 0.001, '_CAL1_': 0.0001}		linear, 1/expConc.	TRUE	0	CID	1	220.1 -> 119.0	MRM	Target	220.1	119	1.312					Negative	Close RT
N-Acetyl-glucosamine phosphate				U13C Ribose 5-phosphate	1	然	{'_CAL9_': 1, '_CAL8_': 0.75, '_CAL7_': 0.5, '_CAL6_': 0.25, '_CAL5_': 0.1, '_CAL4_': 0.05, '_CAL3_': 0.01, '_CAL2_': 0.001, '_CAL1_': 0.0001}		linear, 1/expConc.	TRUE	36	CID	1	300.0 -> 79.0	MRM	Target	300	79	8.28	coelution	strong			Negative	Close RT
N-Acetylglutamic acid				U13C N-Acetylglutamic acid	10	然	{'_CAL9_': 1, '_CAL8_': 0.75, '_CAL7_': 0.5, '_CAL6_': 0.25, '_CAL5_': 0.1, '_CAL4_': 0.05, '_CAL3_': 0.01, '_CAL2_': 0.001, '_CAL1_': 0.0001}		linear, 1/expConc.	TRUE	10	CID	1	188.1 -> 128.0	MRM	Target	188.1	128	13.901					Negative	Close RT
N-Acetylneuraminic acid				U13C Glyceric acid	1	然	{'_CAL9_': 1, '_CAL8_': 0.75, '_CAL7_': 0.5, '_CAL6_': 0.25, '_CAL5_': 0.1, '_CAL4_': 0.05, '_CAL3_': 0.01, '_CAL2_': 0.001, '_CAL1_': 0.0001}		linear, 1/expConc.	TRUE	14	CID	1	308.1 -> 87.0	MRM	Target	308.1	87	5.739		strong			Negative	Close RT
N-Carbamoyl-aspartic acid				U13C Succinic acid	1	然	{'_CAL9_': 1, '_CAL8_': 0.75, '_CAL7_': 0.5, '_CAL6_': 0.25, '_CAL5_': 0.1, '_CAL4_': 0.05, '_CAL3_': 0.01, '_CAL2_': 0.001, '_CAL1_': 0.0001}		linear, 1/expConc.	TRUE	7	CID	1	175.0 -> 132.0	MRM	Target	175	132	13.278					Negative	Close RT
N-Carbamyl-glutamic acid				U13C Succinic acid	0.1	然	{'_CAL9_': 1, '_CAL8_': 0.75, '_CAL7_': 0.5, '_CAL6_': 0.25, '_CAL5_': 0.1, '_CAL4_': 0.05, '_CAL3_': 0.01, '_CAL2_': 0.001, '_CAL1_': 0.0001}		linear, 1/expConc.	TRUE	7	CID	1	189.1 -> 146.0	MRM	Target	189.1	146	13.362					Negative	Close RT
N-Formyl-Tyrosine				U13C Pantothenic acid	0.1	然	{'_CAL9_': 1, '_CAL8_': 0.75, '_CAL7_': 0.5, '_CAL6_': 0.25, '_CAL5_': 0.1, '_CAL4_': 0.05, '_CAL3_': 0.01, '_CAL2_': 0.001, '_CAL1_': 0.0001}		linear, 1/expConc.	TRUE	12	CID	1	208.1 -> 107.0	MRM	Target	208.1	107	12.453					Negative	Close RT
Nicotinamide adenine dinucleotide				U13C Nicotinamide adenine dinucleotide	50	然	{'_CAL9_': 1, '_CAL8_': 0.75, '_CAL7_': 0.5, '_CAL6_': 0.25, '_CAL5_': 0.1, '_CAL4_': 0.05, '_CAL3_': 0.01, '_CAL2_': 0.001, '_CAL1_': 0.0001}		linear, 1/expConc.	TRUE	12	CID	1	662.1 -> 540.0	MRM	Target	662.1	540	9.232					Negative	Close RT
Nicotinic acid				U13C Nicotinic acid	0.1	然	{'_CAL9_': 1, '_CAL8_': 0.75, '_CAL7_': 0.5, '_CAL6_': 0.25, '_CAL5_': 0.1, '_CAL4_': 0.05, '_CAL3_': 0.01, '_CAL2_': 0.001, '_CAL1_': 0.0001}		linear, 1/expConc.	TRUE	11	CID	1	122.0 -> 78.1	MRM	Target	122	78.1	11.546		strong			Negative	Close RT
Nicotinic acid mononucleotide				U13C Nicotinamide adenine dinucleotide	50	然	{'_CAL9_': 1, '_CAL8_': 0.75, '_CAL7_': 0.5, '_CAL6_': 0.25, '_CAL5_': 0.1, '_CAL4_': 0.05, '_CAL3_': 0.01, '_CAL2_': 0.001, '_CAL1_': 0.0001}		linear, 1/expConc.	TRUE	40	CID	1	334.0 -> 79.0	MRM	Target	334	79	8.068					Negative	Close RT
Octanoylcarnitine				D3 Octanoylcarnitine	0.76	然	{'_CAL9_': 1, '_CAL8_': 0.75, '_CAL7_': 0.5, '_CAL6_': 0.25, '_CAL5_': 0.1, '_CAL4_': 0.05, '_CAL3_': 0.01, '_CAL2_': 0.001, '_CAL1_': 0.0001}		linear, 1/expConc.	TRUE	12	CID	1	346.2 -> 143.0	MRM	Target	346.2	143	17.527					Negative	Close RT
O-Phosphorylethanolamine				13C5 15N1 Methionine	10	然	{'_CAL9_': 1, '_CAL8_': 0.75, '_CAL7_': 0.5, '_CAL6_': 0.25, '_CAL5_': 0.1, '_CAL4_': 0.05, '_CAL3_': 0.01, '_CAL2_': 0.001, '_CAL1_': 0.0001}		linear, 1/expConc.	TRUE	14	CID	1	140.0 -> 79.0	MRM	Target	140	79	1.611					Negative	Close RT
Orotic acid				U13C Dihydroorotic acid	0.1	然	{'_CAL9_': 1, '_CAL8_': 0.75, '_CAL7_': 0.5, '_CAL6_': 0.25, '_CAL5_': 0.1, '_CAL4_': 0.05, '_CAL3_': 0.01, '_CAL2_': 0.001, '_CAL1_': 0.0001}		linear, 1/expConc.	TRUE	26	CID	1	155.0 -> 42.0	MRM	Target	155	42	8.697					Negative	Close RT
Oxamic acid				U13C Glyceric acid	1	然	{'_CAL9_': 1, '_CAL8_': 0.75, '_CAL7_': 0.5, '_CAL6_': 0.25, '_CAL5_': 0.1, '_CAL4_': 0.05, '_CAL3_': 0.01, '_CAL2_': 0.001, '_CAL1_': 0.0001}		linear, 1/expConc.	TRUE	6	CID	1	88.0 -> 44.3	MRM	Target	88	44.3	5.975	coelution				Negative	Close RT
Palmitoylcarnitine				D3 Palmitoylcarnitine	1.52	然	{'_CAL9_': 1, '_CAL8_': 0.75, '_CAL7_': 0.5, '_CAL6_': 0.25, '_CAL5_': 0.1, '_CAL4_': 0.05, '_CAL3_': 0.01, '_CAL2_': 0.001, '_CAL1_': 0.0001}		linear, 1/expConc.	TRUE	12	CID	1	458.3 -> 255.1	MRM	Target	458.3	255.1	22.6					Negative	Close RT
Pantothenic acid				U13C Pantothenic acid	10	然	{'_CAL9_': 1, '_CAL8_': 0.75, '_CAL7_': 0.5, '_CAL6_': 0.25, '_CAL5_': 0.1, '_CAL4_': 0.05, '_CAL3_': 0.01, '_CAL2_': 0.001, '_CAL1_': 0.0001}		linear, 1/expConc.	TRUE	14	CID	1	218.0 -> 146.1	MRM	Target	218	146.1	11.808					Negative	Close RT
Pentahydroxyhexanoic acid				U13C Pentahydroxyhexanoic acid	10	然	{'_CAL9_': 1, '_CAL8_': 0.75, '_CAL7_': 0.5, '_CAL6_': 0.25, '_CAL5_': 0.1, '_CAL4_': 0.05, '_CAL3_': 0.01, '_CAL2_': 0.001, '_CAL1_': 0.0001}		linear, 1/expConc.	TRUE	18	CID	1	195.1 -> 75.2	MRM	Target	195.1	75.2	4.997		strong			Negative	Close RT
Pentose				U13C Xylitol	500	然	{'_CAL10_': 2, '_CAL9_': 1, '_CAL8_': 0.75, '_CAL7_': 0.5, '_CAL6_': 0.25, '_CAL5_': 0.1, '_CAL4_': 0.05, '_CAL3_': 0.01, '_CAL2_': 0.001, '_CAL1_': 0.0001}		linear, 1/expConc.	TRUE	12	CID	1	149.0 -> 59.2	MRM	Target	149	59.2	1.235					Negative	Close RT
Phenolred					5	然	{'_CAL9_': 1, '_CAL8_': 0.75, '_CAL7_': 0.5, '_CAL6_': 0.25, '_CAL5_': 0.1, '_CAL4_': 0.05, '_CAL3_': 0.01, '_CAL2_': 0.001, '_CAL1_': 0.0001}		linear, 1/expConc.	TRUE	40	CID	17	353.0 -> 194.9	MRM	Target	353	194.9	18.059					Negative	Close RT
Phenylalanine				U13C Phenylalanine	125	然	{'_CAL10_': 2, '_CAL9_': 1, '_CAL8_': 0.75, '_CAL7_': 0.5, '_CAL6_': 0.25, '_CAL5_': 0.1, '_CAL4_': 0.05, '_CAL3_': 0.01, '_CAL2_': 0.001, '_CAL1_': 0.0001}		linear, 1/expConc.	TRUE	9	CID	1	164.1 -> 147.0	MRM	Target	164.1	147	3.987		strong			Negative	Close RT
Phenylpyruvic acid				U13C Phenylpyruvic acid	50	然	{'_CAL9_': 1, '_CAL8_': 0.75, '_CAL7_': 0.5, '_CAL6_': 0.25, '_CAL5_': 0.1, '_CAL4_': 0.05, '_CAL3_': 0.01, '_CAL2_': 0.001, '_CAL1_': 0.0001}		linear, 1/expConc.	TRUE	6	CID	1	163.0 -> 91.1	MRM	Target	163	91.1	16.89	coelution				Negative	Close RT
Phosphoenolpyruvic acid				U13C Aconitic acid	10	然	{'_CAL9_': 1, '_CAL8_': 0.75, '_CAL7_': 0.5, '_CAL6_': 0.25, '_CAL5_': 0.1, '_CAL4_': 0.05, '_CAL3_': 0.01, '_CAL2_': 0.001, '_CAL1_': 0.0001}		linear, 1/expConc.	TRUE	12	CID	1	167.0 -> 79.0	MRM	Target	167	79	15.089		strong			Negative	Close RT
Phosphoglyceric acid				13C5 15N Folic acid	100	然	{'_CAL9_': 1, '_CAL8_': 0.75, '_CAL7_': 0.5, '_CAL6_': 0.25, '_CAL5_': 0.1, '_CAL4_': 0.05, '_CAL3_': 0.01, '_CAL2_': 0.001, '_CAL1_': 0.0001}		linear, 1/expConc.	TRUE	37	CID	1	185.0 -> 79.0	MRM	Target	185	79	14.537		strong			Negative	Close RT
Phospho-Serine				U13C Sedoheptulose-7-phosphate	50	然	{'_CAL9_': 1, '_CAL8_': 0.75, '_CAL7_': 0.5, '_CAL6_': 0.25, '_CAL5_': 0.1, '_CAL4_': 0.05, '_CAL3_': 0.01, '_CAL2_': 0.001, '_CAL1_': 0.0001}		linear, 1/expConc.	TRUE	36	CID	1	184.0 -> 79.0	MRM	Target	184	79	7.642					Negative	Close RT
Prephenic acid				U13C Pantothenic acid	50	然	{'_CAL9_': 1, '_CAL8_': 0.75, '_CAL7_': 0.5, '_CAL6_': 0.25, '_CAL5_': 0.1, '_CAL4_': 0.05, '_CAL3_': 0.01, '_CAL2_': 0.001, '_CAL1_': 0.0001}		linear, 1/expConc.	TRUE	9	CID	1	225.0 -> 101.0	MRM	Target	225	101	12.127					Negative	Close RT
Proline				13C5 15N1 Proline	125	然	{'_CAL9_': 1, '_CAL8_': 0.75, '_CAL7_': 0.5, '_CAL6_': 0.25, '_CAL5_': 0.1, '_CAL4_': 0.05, '_CAL3_': 0.01, '_CAL2_': 0.001, '_CAL1_': 0.0001}		linear, 1/expConc.	TRUE	12	CID	1	114.0 -> 68.1	MRM	Target	114	68.1	1.292					Negative	Close RT
Propionylcarnitine				D3 Propionylcarnitine	0.76	然	{'_CAL9_': 1, '_CAL8_': 0.75, '_CAL7_': 0.5, '_CAL6_': 0.25, '_CAL5_': 0.1, '_CAL4_': 0.05, '_CAL3_': 0.01, '_CAL2_': 0.001, '_CAL1_': 0.0001}		linear, 1/expConc.	TRUE	12	CID	1	276.1 -> 73.0	MRM	Target	276.1	73	1.624					Negative	Close RT
Pyridinedicarboxylic acid				13C5 15N Folic acid	10	然	{'_CAL9_': 1, '_CAL8_': 0.75, '_CAL7_': 0.5, '_CAL6_': 0.25, '_CAL5_': 0.1, '_CAL4_': 0.05, '_CAL3_': 0.01, '_CAL2_': 0.001, '_CAL1_': 0.0001}		linear, 1/expConc.	TRUE	13	CID	1	166.0 -> 78.1	MRM	Target	166	78.1	14.75		strong	Rt changed by christoph		Negative	Close RT
Pyridoxal 5 phosphate				13C5 15N Folic acid	1	然	{'_CAL9_': 1, '_CAL8_': 0.75, '_CAL7_': 0.5, '_CAL6_': 0.25, '_CAL5_': 0.1, '_CAL4_': 0.05, '_CAL3_': 0.01, '_CAL2_': 0.001, '_CAL1_': 0.0001}		linear, 1/expConc.	TRUE	30	CID	1	246.0 -> 79.0	MRM	Target	246	79	14.746					Negative	Close RT
Pyridoxal hydrochloride				U13C Pyridoxal hydrochloride	1	然	{'_CAL9_': 1, '_CAL8_': 0.75, '_CAL7_': 0.5, '_CAL6_': 0.25, '_CAL5_': 0.1, '_CAL4_': 0.05, '_CAL3_': 0.01, '_CAL2_': 0.001, '_CAL1_': 0.0001}		linear, 1/expConc.	TRUE	12	CID	1	166.1 -> 138.0	MRM	Target	166.1	138	2.317					Negative	Close RT
Pyridoxamine				13C6 15N4 Arginine	10	然	{'_CAL9_': 1, '_CAL8_': 0.75, '_CAL7_': 0.5, '_CAL6_': 0.25, '_CAL5_': 0.1, '_CAL4_': 0.05, '_CAL3_': 0.01, '_CAL2_': 0.001, '_CAL1_': 0.0001}		linear, 1/expConc.	TRUE	22	CID	2	167.1 -> 121.0	MRM	Target	167.1	121	1.129					Negative	Close RT
Pyridoxic acid				U13C Aconitic acid	0.1	然	{'_CAL9_': 1, '_CAL8_': 0.75, '_CAL7_': 0.5, '_CAL6_': 0.25, '_CAL5_': 0.1, '_CAL4_': 0.05, '_CAL3_': 0.01, '_CAL2_': 0.001, '_CAL1_': 0.0001}		linear, 1/expConc.	TRUE	20	CID	2	182.0 -> 108.1	MRM	Target	182	108.1	15.064	coelution	strong			Negative	Close RT
Pyridoxine				13C6 15N1 Leucine	1	然	{'_CAL9_': 1, '_CAL8_': 0.75, '_CAL7_': 0.5, '_CAL6_': 0.25, '_CAL5_': 0.1, '_CAL4_': 0.05, '_CAL3_': 0.01, '_CAL2_': 0.001, '_CAL1_': 0.0001}		linear, 1/expConc.	TRUE	9	CID	2	168.1 -> 166.0	MRM	Target	168.1	166	2.272					Negative	Close RT
Pyruvic acid				U13C Pyruvic acid	50	然	{'_CAL9_': 1, '_CAL8_': 0.75, '_CAL7_': 0.5, '_CAL6_': 0.25, '_CAL5_': 0.1, '_CAL4_': 0.05, '_CAL3_': 0.01, '_CAL2_': 0.001, '_CAL1_': 0.0001}		linear, 1/expConc.	TRUE	4	CID	2	87.0 -> 43.2	MRM	Target	87	43.2	9.284	coelution				Negative	Close RT
Quinic acid				U13C Glyceric acid	10	然	{'_CAL9_': 1, '_CAL8_': 0.75, '_CAL7_': 0.5, '_CAL6_': 0.25, '_CAL5_': 0.1, '_CAL4_': 0.05, '_CAL3_': 0.01, '_CAL2_': 0.001, '_CAL1_': 0.0001}		linear, 1/expConc.	TRUE	25	CID	2	191.1 -> 85.1	MRM	Target	191.1	85.1	5.535					Negative	Close RT
Quinolinediol				13C5 15N Folic acid	10	然	{'_CAL9_': 1, '_CAL8_': 0.75, '_CAL7_': 0.5, '_CAL6_': 0.25, '_CAL5_': 0.1, '_CAL4_': 0.05, '_CAL3_': 0.01, '_CAL2_': 0.001, '_CAL1_': 0.0001}		linear, 1/expConc.	TRUE	29	CID	2	160.0 -> 42.2	MRM	Target	160	42.2	14.714					Negative	Close RT
Riboflavin				13C10 15N5 Adenosine monophosphate 	0.1	然	{'_CAL9_': 1, '_CAL8_': 0.75, '_CAL7_': 0.5, '_CAL6_': 0.25, '_CAL5_': 0.1, '_CAL4_': 0.05, '_CAL3_': 0.01, '_CAL2_': 0.001, '_CAL1_': 0.0001}		linear, 1/expConc.	TRUE	14	CID	2	375.1 -> 255.0	MRM	Target	375.1	255	12.24					Negative	Close RT
Ribonic acid gamma lactone				13C5 15N1 Valine	50	然	{'_CAL9_': 1, '_CAL8_': 0.75, '_CAL7_': 0.5, '_CAL6_': 0.25, '_CAL5_': 0.1, '_CAL4_': 0.05, '_CAL3_': 0.01, '_CAL2_': 0.001, '_CAL1_': 0.0001}		linear, 1/expConc.	TRUE	16	CID	2	147.0 -> 59.2	MRM	Target	147	59.2	1.352		strong			Negative	Close RT
Ribose 5-phosphate				U13C Ribose 5-phosphate	10	然	{'_CAL9_': 1, '_CAL8_': 0.75, '_CAL7_': 0.5, '_CAL6_': 0.25, '_CAL5_': 0.1, '_CAL4_': 0.05, '_CAL3_': 0.01, '_CAL2_': 0.001, '_CAL1_': 0.0001}		linear, 1/expConc.	TRUE	48	CID	2	229.0 -> 79.0	MRM	Target	229	79	7.582					Negative	Close RT
S-Adenosyl-homocysteine				U13C S-Adenosyl-homocysteine	1	然	{'_CAL9_': 1, '_CAL8_': 0.75, '_CAL7_': 0.5, '_CAL6_': 0.25, '_CAL5_': 0.1, '_CAL4_': 0.05, '_CAL3_': 0.01, '_CAL2_': 0.001, '_CAL1_': 0.0001}		linear, 1/expConc.	TRUE	24	CID	2	383.1 -> 134.0	MRM	Target	383.1	134	4.505		strong			Negative	Close RT
Salicylic acid				U13C Phenylpyruvic acid	1	然	{'_CAL9_': 1, '_CAL8_': 0.75, '_CAL7_': 0.5, '_CAL6_': 0.25, '_CAL5_': 0.1, '_CAL4_': 0.05, '_CAL3_': 0.01, '_CAL2_': 0.001, '_CAL1_': 0.0001}		linear, 1/expConc.	TRUE	17	CID	2	137.0 -> 93.1	MRM	Target	137	93.1	16.609					Negative	Close RT
Sedoheptulose-7-phosphate				U13C Sedoheptulose-7-phosphate	10	然	{'_CAL9_': 1, '_CAL8_': 0.75, '_CAL7_': 0.5, '_CAL6_': 0.25, '_CAL5_': 0.1, '_CAL4_': 0.05, '_CAL3_': 0.01, '_CAL2_': 0.001, '_CAL1_': 0.0001}		linear, 1/expConc.	TRUE	18	CID	2	289.0 -> 96.9	MRM	Target	289	96.9	7.7		strong			Negative	Close RT
Serine				13C3 15N1 Serine	125	然	{'_CAL10_': 2, '_CAL9_': 1, '_CAL8_': 0.75, '_CAL7_': 0.5, '_CAL6_': 0.25, '_CAL5_': 0.1, '_CAL4_': 0.05, '_CAL3_': 0.01, '_CAL2_': 0.001, '_CAL1_': 0.0001}		linear, 1/expConc.	TRUE	8	CID	2	104.0 -> 74.1	MRM	Target	104	74.1	1.183					Negative	Close RT
Shikimic acid				U13C Glyceric acid	1	然	{'_CAL9_': 1, '_CAL8_': 0.75, '_CAL7_': 0.5, '_CAL6_': 0.25, '_CAL5_': 0.1, '_CAL4_': 0.05, '_CAL3_': 0.01, '_CAL2_': 0.001, '_CAL1_': 0.0001}		linear, 1/expConc.	TRUE	16	CID	2	173.0 -> 93.1	MRM	Target	173	93.1	5.227	coelution				Negative	Close RT
Succinic acid				U13C Succinic acid	10	然	{'_CAL9_': 1, '_CAL8_': 0.75, '_CAL7_': 0.5, '_CAL6_': 0.25, '_CAL5_': 0.1, '_CAL4_': 0.05, '_CAL3_': 0.01, '_CAL2_': 0.001, '_CAL1_': 0.0001}		linear, 1/expConc.	TRUE	10	CID	2	117.0 -> 73.1	MRM	Target	117	73.1	12.807					Negative	Close RT
Taurine				13C2 Taurine	125	然	{'_CAL10_': 2, '_CAL9_': 1, '_CAL8_': 0.75, '_CAL7_': 0.5, '_CAL6_': 0.25, '_CAL5_': 0.1, '_CAL4_': 0.05, '_CAL3_': 0.01, '_CAL2_': 0.001, '_CAL1_': 0.0001}		linear, 1/expConc.	TRUE	24	CID	2	124.0 -> 80.0	MRM	Target	124	80	1.224					Negative	Close RT
Taurocholic acid					10	然	{'_CAL9_': 1, '_CAL8_': 0.75, '_CAL7_': 0.5, '_CAL6_': 0.25, '_CAL5_': 0.1, '_CAL4_': 0.05, '_CAL3_': 0.01, '_CAL2_': 0.001, '_CAL1_': 0.0001}		linear, 1/expConc.	TRUE	50	CID	2	514.0 -> 514.0	MRM	Target	514	514	20.527					Negative	Close RT
Tauro-muriocholic acid					0.1	然	{'_CAL9_': 1, '_CAL8_': 0.75, '_CAL7_': 0.5, '_CAL6_': 0.25, '_CAL5_': 0.1, '_CAL4_': 0.05, '_CAL3_': 0.01, '_CAL2_': 0.001, '_CAL1_': 0.0001}		linear, 1/expConc.	TRUE	40	CID	18	514.3 -> 514.3	MRM	Target	514.3	514.3	19.417					Negative	Close RT
Thiamine				U13C Arginine	10	然	{'_CAL9_': 1, '_CAL8_': 0.75, '_CAL7_': 0.5, '_CAL6_': 0.25, '_CAL5_': 0.1, '_CAL4_': 0.05, '_CAL3_': 0.01, '_CAL2_': 0.001, '_CAL1_': 0.0001}		linear, 1/expConc.	TRUE	6	CID	2	264.1 -> 234.0	MRM	Target	264.1	234	1.108					Negative	Close RT
Threonine				13C4 15N1 Threonine	125	然	{'_CAL10_': 2, '_CAL9_': 1, '_CAL8_': 0.75, '_CAL7_': 0.5, '_CAL6_': 0.25, '_CAL5_': 0.1, '_CAL4_': 0.05, '_CAL3_': 0.01, '_CAL2_': 0.001, '_CAL1_': 0.0001}		linear, 1/expConc.	TRUE	9	CID	2	118.0 -> 74.1	MRM	Target	118	74.1	1.247	coelution				Negative	Close RT
Thymidine				U13C Thymidine	0.1	然	{'_CAL9_': 1, '_CAL8_': 0.75, '_CAL7_': 0.5, '_CAL6_': 0.25, '_CAL5_': 0.1, '_CAL4_': 0.05, '_CAL3_': 0.01, '_CAL2_': 0.001, '_CAL1_': 0.0001}		linear, 1/expConc.	TRUE	16	CID	2	241.1 -> 42.2	MRM	Target	241.1	42.2	4.648		strong			Negative	Close RT
Thymine				U13C Pyridoxal hydrochloride	0.1	然	{'_CAL9_': 1, '_CAL8_': 0.75, '_CAL7_': 0.5, '_CAL6_': 0.25, '_CAL5_': 0.1, '_CAL4_': 0.05, '_CAL3_': 0.01, '_CAL2_': 0.001, '_CAL1_': 0.0001}		linear, 1/expConc.	TRUE	14	CID	2	125.0 -> 42.2	MRM	Target	125	42.2	2.431					Negative	Close RT
Tryptophan				U13C Tryptophan	125	然	{'_CAL10_': 2, '_CAL9_': 1, '_CAL8_': 0.75, '_CAL7_': 0.5, '_CAL6_': 0.25, '_CAL5_': 0.1, '_CAL4_': 0.05, '_CAL3_': 0.01, '_CAL2_': 0.001, '_CAL1_': 0.0001}		linear, 1/expConc.	TRUE	14	CID	2	203.1 -> 116.0	MRM	Target	203.1	116	7.392		strong			Negative	Close RT
Tyrosine				U13C Tyrosine	125	然	{'_CAL10_': 2, '_CAL9_': 1, '_CAL8_': 0.75, '_CAL7_': 0.5, '_CAL6_': 0.25, '_CAL5_': 0.1, '_CAL4_': 0.05, '_CAL3_': 0.01, '_CAL2_': 0.001, '_CAL1_': 0.0001}		linear, 1/expConc.	TRUE	15	CID	2	180.0 -> 119.0	MRM	Target	180	119	2.078					Negative	Close RT
U13C Aconitic acid					1	然	{'_CAL10_': 2, '_CAL9_': 1, '_CAL8_': 0.75, '_CAL7_': 0.5, '_CAL6_': 0.25, '_CAL5_': 0.1, '_CAL4_': 0.05, '_CAL3_': 0.01, '_CAL2_': 0.001, '_CAL1_': 0.0001}		linear, 1/expConc.	FALSE	4	CID	2	179.0 -> 134.0	MRM	ISTD	179	134	15.123	coelution				Negative	Close RT
U13C Adenine					1	然	{'_CAL10_': 2, '_CAL9_': 1, '_CAL8_': 0.75, '_CAL7_': 0.5, '_CAL6_': 0.25, '_CAL5_': 0.1, '_CAL4_': 0.05, '_CAL3_': 0.01, '_CAL2_': 0.001, '_CAL1_': 0.0001}		linear, 1/expConc.	FALSE	18	CID	2	139.0 -> 111.0	MRM	ISTD	139	111	2.572		strong			Negative	Close RT
U13C alpha-Ketoglutaric acid					1	然	{'_CAL10_': 2, '_CAL9_': 1, '_CAL8_': 0.75, '_CAL7_': 0.5, '_CAL6_': 0.25, '_CAL5_': 0.1, '_CAL4_': 0.05, '_CAL3_': 0.01, '_CAL2_': 0.001, '_CAL1_': 0.0001}		linear, 1/expConc.	FALSE	5	CID	2	150.0 -> 105.0	MRM	ISTD	150	105	14.094					Negative	Close RT
U13C Aminoadipic acid					1	然	{'_CAL10_': 2, '_CAL9_': 1, '_CAL8_': 0.75, '_CAL7_': 0.5, '_CAL6_': 0.25, '_CAL5_': 0.1, '_CAL4_': 0.05, '_CAL3_': 0.01, '_CAL2_': 0.001, '_CAL1_': 0.0001}		linear, 1/expConc.	FALSE	9	CID	2	166.1 -> 148.0	MRM	ISTD	166.1	148	3.889		strong			Negative	Close RT
U13C Aminobutyric acid					1	然	{'_CAL10_': 2, '_CAL9_': 1, '_CAL8_': 0.75, '_CAL7_': 0.5, '_CAL6_': 0.25, '_CAL5_': 0.1, '_CAL4_': 0.05, '_CAL3_': 0.01, '_CAL2_': 0.001, '_CAL1_': 0.0001}		linear, 1/expConc.	FALSE	2	CID	2	106.0 -> 106.0	MRM	ISTD	106	106	1.295	coelution				Negative	Close RT
U13C Arginine					1	然	{'_CAL10_': 2, '_CAL9_': 1, '_CAL8_': 0.75, '_CAL7_': 0.5, '_CAL6_': 0.25, '_CAL5_': 0.1, '_CAL4_': 0.05, '_CAL3_': 0.01, '_CAL2_': 0.001, '_CAL1_': 0.0001}		linear, 1/expConc.	FALSE	11	CID	2	179.1 -> 136.0	MRM	ISTD	179.1	136	1.09	coelution				Negative	Close RT
U13C Argininosuccinic acid					1	然	{'_CAL10_': 2, '_CAL9_': 1, '_CAL8_': 0.75, '_CAL7_': 0.5, '_CAL6_': 0.25, '_CAL5_': 0.1, '_CAL4_': 0.05, '_CAL3_': 0.01, '_CAL2_': 0.001, '_CAL1_': 0.0001}		linear, 1/expConc.	FALSE	27	CID	2	299.0 -> 136.1	MRM	ISTD	299	136.1	4.045		strong			Negative	Close RT
U13C Asparagine					1	然	{'_CAL10_': 2, '_CAL9_': 1, '_CAL8_': 0.75, '_CAL7_': 0.5, '_CAL6_': 0.25, '_CAL5_': 0.1, '_CAL4_': 0.05, '_CAL3_': 0.01, '_CAL2_': 0.001, '_CAL1_': 0.0001}		linear, 1/expConc.	FALSE	4	CID	2	135.0 -> 117.0	MRM	ISTD	135	117	1.18					Negative	Close RT
U13C Aspartic Acid					1	然	{'_CAL10_': 2, '_CAL9_': 1, '_CAL8_': 0.75, '_CAL7_': 0.5, '_CAL6_': 0.25, '_CAL5_': 0.1, '_CAL4_': 0.05, '_CAL3_': 0.01, '_CAL2_': 0.001, '_CAL1_': 0.0001}		linear, 1/expConc.	FALSE	14	CID	2	136.0 -> 74.0	MRM	ISTD	136	74	4.274		strong			Negative	Close RT
U13C Citric acid					1	然	{'_CAL10_': 2, '_CAL9_': 1, '_CAL8_': 0.75, '_CAL7_': 0.5, '_CAL6_': 0.25, '_CAL5_': 0.1, '_CAL4_': 0.05, '_CAL3_': 0.01, '_CAL2_': 0.001, '_CAL1_': 0.0001}		linear, 1/expConc.	FALSE	10	CID	2	197.0 -> 116.0	MRM	ISTD	197	116	14.856					Negative	Close RT
U13C Citrulline					1	然	{'_CAL10_': 2, '_CAL9_': 1, '_CAL8_': 0.75, '_CAL7_': 0.5, '_CAL6_': 0.25, '_CAL5_': 0.1, '_CAL4_': 0.05, '_CAL3_': 0.01, '_CAL2_': 0.001, '_CAL1_': 0.0001}		linear, 1/expConc.	FALSE	8	CID	2	180.1 -> 136.0	MRM	ISTD	180.1	136	1.249					Negative	Close RT
U13C Cystine					1	然	{'_CAL10_': 2, '_CAL9_': 1, '_CAL8_': 0.75, '_CAL7_': 0.5, '_CAL6_': 0.25, '_CAL5_': 0.1, '_CAL4_': 0.05, '_CAL3_': 0.01, '_CAL2_': 0.001, '_CAL1_': 0.0001}		linear, 1/expConc.	FALSE	20	CID	2	245.0 -> 76.1	MRM	ISTD	245	76.1	1.196					Negative	Close RT
U13C Deoxy-(methylthio)adenosine					1	然	{'_CAL10_': 2, '_CAL9_': 1, '_CAL8_': 0.75, '_CAL7_': 0.5, '_CAL6_': 0.25, '_CAL5_': 0.1, '_CAL4_': 0.05, '_CAL3_': 0.01, '_CAL2_': 0.001, '_CAL1_': 0.0001}		linear, 1/expConc.	FALSE	12	CID	2	367.1 -> 139.0	MRM	ISTD	367.1	139	11.38					Negative	Close RT
U13C Dihydroorotic acid					1	然	{'_CAL10_': 2, '_CAL9_': 1, '_CAL8_': 0.75, '_CAL7_': 0.5, '_CAL6_': 0.25, '_CAL5_': 0.1, '_CAL4_': 0.05, '_CAL3_': 0.01, '_CAL2_': 0.001, '_CAL1_': 0.0001}		linear, 1/expConc.	FALSE	5	CID	2	162.0 -> 117.0	MRM	ISTD	162	117	6.898		strong			Negative	Close RT
U13C Glutamic acid					1	然	{'_CAL10_': 2, '_CAL9_': 1, '_CAL8_': 0.75, '_CAL7_': 0.5, '_CAL6_': 0.25, '_CAL5_': 0.1, '_CAL4_': 0.05, '_CAL3_': 0.01, '_CAL2_': 0.001, '_CAL1_': 0.0001}		linear, 1/expConc.	FALSE	11	CID	2	151.0 -> 106.0	MRM	ISTD	151	106	4.091		strong			Negative	Close RT
U13C Glutamine					1	然	{'_CAL10_': 2, '_CAL9_': 1, '_CAL8_': 0.75, '_CAL7_': 0.5, '_CAL6_': 0.25, '_CAL5_': 0.1, '_CAL4_': 0.05, '_CAL3_': 0.01, '_CAL2_': 0.001, '_CAL1_': 0.0001}		linear, 1/expConc.	FALSE	7	CID	2	150.1 -> 132.0	MRM	ISTD	150.1	132	1.196					Negative	Close RT
U13C Glyceric acid					1	然	{'_CAL10_': 2, '_CAL9_': 1, '_CAL8_': 0.75, '_CAL7_': 0.5, '_CAL6_': 0.25, '_CAL5_': 0.1, '_CAL4_': 0.05, '_CAL3_': 0.01, '_CAL2_': 0.001, '_CAL1_': 0.0001}		linear, 1/expConc.	FALSE	8	CID	2	108.0 -> 77.1	MRM	ISTD	108	77.1	5.443					Negative	Close RT
U13C Guanosine					1	然	{'_CAL10_': 2, '_CAL9_': 1, '_CAL8_': 0.75, '_CAL7_': 0.5, '_CAL6_': 0.25, '_CAL5_': 0.1, '_CAL4_': 0.05, '_CAL3_': 0.01, '_CAL2_': 0.001, '_CAL1_': 0.0001}		linear, 1/expConc.	FALSE	17	CID	2	292.1 -> 155.0	MRM	ISTD	292.1	155	3.375		strong			Negative	Close RT
U13C Hexose 1-phosphate					1	然	{'_CAL10_': 2, '_CAL9_': 1, '_CAL8_': 0.75, '_CAL7_': 0.5, '_CAL6_': 0.25, '_CAL5_': 0.1, '_CAL4_': 0.05, '_CAL3_': 0.01, '_CAL2_': 0.001, '_CAL1_': 0.0001}		linear, 1/expConc.	FALSE	28	CID	2	265.0 -> 79.0	MRM	ISTD	265	79	7.9					Negative	Close RT
U13C Hexose 6-phosphate					1	然	{'_CAL10_': 2, '_CAL9_': 1, '_CAL8_': 0.75, '_CAL7_': 0.5, '_CAL6_': 0.25, '_CAL5_': 0.1, '_CAL4_': 0.05, '_CAL3_': 0.01, '_CAL2_': 0.001, '_CAL1_': 0.0001}		linear, 1/expConc.	FALSE	48	CID	2	265.0 -> 79.0	MRM	ISTD	265	79	7.25					Negative	Close RT
U13C Isopropylmalic acid					1	然	{'_CAL10_': 2, '_CAL9_': 1, '_CAL8_': 0.75, '_CAL7_': 0.5, '_CAL6_': 0.25, '_CAL5_': 0.1, '_CAL4_': 0.05, '_CAL3_': 0.01, '_CAL2_': 0.001, '_CAL1_': 0.0001}		linear, 1/expConc.	FALSE	13	CID	2	182.1 -> 119.0	MRM	ISTD	182.1	119	15.231					Negative	Close RT
U13C Malic acid					1	然	{'_CAL10_': 2, '_CAL9_': 1, '_CAL8_': 0.75, '_CAL7_': 0.5, '_CAL6_': 0.25, '_CAL5_': 0.1, '_CAL4_': 0.05, '_CAL3_': 0.01, '_CAL2_': 0.001, '_CAL1_': 0.0001}		linear, 1/expConc.	FALSE	8	CID	2	137.0 -> 119.0	MRM	ISTD	137	119	13.525	coelution	strong			Negative	Close RT
U13C Malonic acid					1	然	{'_CAL10_': 2, '_CAL9_': 1, '_CAL8_': 0.75, '_CAL7_': 0.5, '_CAL6_': 0.25, '_CAL5_': 0.1, '_CAL4_': 0.05, '_CAL3_': 0.01, '_CAL2_': 0.001, '_CAL1_': 0.0001}		linear, 1/expConc.	FALSE	7	CID	2	106.0 -> 61.2	MRM	ISTD	106	61.2	12.492					Negative	Close RT
U13C N-Acetylglutamic acid					1	然	{'_CAL10_': 2, '_CAL9_': 1, '_CAL8_': 0.75, '_CAL7_': 0.5, '_CAL6_': 0.25, '_CAL5_': 0.1, '_CAL4_': 0.05, '_CAL3_': 0.01, '_CAL2_': 0.001, '_CAL1_': 0.0001}		linear, 1/expConc.	FALSE	10	CID	2	195.1 -> 133.0	MRM	ISTD	195.1	133	13.899					Negative	Close RT
U13C N-Carbamyl-glutamic acid					1	然	{'_CAL10_': 2, '_CAL9_': 1, '_CAL8_': 0.75, '_CAL7_': 0.5, '_CAL6_': 0.25, '_CAL5_': 0.1, '_CAL4_': 0.05, '_CAL3_': 0.01, '_CAL2_': 0.001, '_CAL1_': 0.0001}		linear, 1/expConc.	FALSE	20	CID	2	195.1 -> 106.1	MRM	ISTD	195.1	106.1	13.897					Negative	Close RT
U13C Nicotinamide adenine dinucleotide					1	然	{'_CAL10_': 2, '_CAL9_': 1, '_CAL8_': 0.75, '_CAL7_': 0.5, '_CAL6_': 0.25, '_CAL5_': 0.1, '_CAL4_': 0.05, '_CAL3_': 0.01, '_CAL2_': 0.001, '_CAL1_': 0.0001}		linear, 1/expConc.	FALSE	12	CID	2	683.1 -> 555.0	MRM	ISTD	683.1	555	9.223					Negative	Close RT
U13C Nicotinic acid					1	然	{'_CAL10_': 2, '_CAL9_': 1, '_CAL8_': 0.75, '_CAL7_': 0.5, '_CAL6_': 0.25, '_CAL5_': 0.1, '_CAL4_': 0.05, '_CAL3_': 0.01, '_CAL2_': 0.001, '_CAL1_': 0.0001}		linear, 1/expConc.	FALSE	11	CID	2	128.0 -> 83.1	MRM	ISTD	128	83.1	11.601		strong			Negative	Close RT
U13C Pantothenic acid					1	然	{'_CAL10_': 2, '_CAL9_': 1, '_CAL8_': 0.75, '_CAL7_': 0.5, '_CAL6_': 0.25, '_CAL5_': 0.1, '_CAL4_': 0.05, '_CAL3_': 0.01, '_CAL2_': 0.001, '_CAL1_': 0.0001}		linear, 1/expConc.	FALSE	10	CID	2	227.0 -> 91.0	MRM	ISTD	227	91	11.802					Negative	Close RT
U13C Pentahydroxyhexanoic acid					1	然	{'_CAL10_': 2, '_CAL9_': 1, '_CAL8_': 0.75, '_CAL7_': 0.5, '_CAL6_': 0.25, '_CAL5_': 0.1, '_CAL4_': 0.05, '_CAL3_': 0.01, '_CAL2_': 0.001, '_CAL1_': 0.0001}		linear, 1/expConc.	FALSE	18	CID	2	201.1 -> 77.2	MRM	ISTD	201.1	77.2	5.051		strong			Negative	Close RT
U13C Phenylalanine					1	然	{'_CAL10_': 2, '_CAL9_': 1, '_CAL8_': 0.75, '_CAL7_': 0.5, '_CAL6_': 0.25, '_CAL5_': 0.1, '_CAL4_': 0.05, '_CAL3_': 0.01, '_CAL2_': 0.001, '_CAL1_': 0.0001}		linear, 1/expConc.	FALSE	9	CID	2	173.1 -> 156.0	MRM	ISTD	173.1	156	3.982	coelution	strong			Negative	Close RT
U13C Phenylpyruvic acid					1	然	{'_CAL10_': 2, '_CAL9_': 1, '_CAL8_': 0.75, '_CAL7_': 0.5, '_CAL6_': 0.25, '_CAL5_': 0.1, '_CAL4_': 0.05, '_CAL3_': 0.01, '_CAL2_': 0.001, '_CAL1_': 0.0001}		linear, 1/expConc.	FALSE	6	CID	2	172.0 -> 98.1	MRM	ISTD	172	98.1	16.884	coelution				Negative	Close RT
U13C Proline					1	然	{'_CAL10_': 2, '_CAL9_': 1, '_CAL8_': 0.75, '_CAL7_': 0.5, '_CAL6_': 0.25, '_CAL5_': 0.1, '_CAL4_': 0.05, '_CAL3_': 0.01, '_CAL2_': 0.001, '_CAL1_': 0.0001}		linear, 1/expConc.	FALSE	12	CID	2	119.0 -> 72.1	MRM	ISTD	119	72.1	1.29					Negative	Close RT
U13C Pyridoxal hydrochloride					1	然	{'_CAL10_': 2, '_CAL9_': 1, '_CAL8_': 0.75, '_CAL7_': 0.5, '_CAL6_': 0.25, '_CAL5_': 0.1, '_CAL4_': 0.05, '_CAL3_': 0.01, '_CAL2_': 0.001, '_CAL1_': 0.0001}		linear, 1/expConc.	FALSE	12	CID	2	174.1 -> 145.0	MRM	ISTD	174.1	145	2.31					Negative	Close RT
U13C Pyruvic acid					1	然	{'_CAL10_': 2, '_CAL9_': 1, '_CAL8_': 0.75, '_CAL7_': 0.5, '_CAL6_': 0.25, '_CAL5_': 0.1, '_CAL4_': 0.05, '_CAL3_': 0.01, '_CAL2_': 0.001, '_CAL1_': 0.0001}		linear, 1/expConc.	FALSE	4	CID	2	90.0 -> 45.2	MRM	ISTD	90	45.2	9.277					Negative	Close RT
U13C Quinic acid					1	然	{'_CAL10_': 2, '_CAL9_': 1, '_CAL8_': 0.75, '_CAL7_': 0.5, '_CAL6_': 0.25, '_CAL5_': 0.1, '_CAL4_': 0.05, '_CAL3_': 0.01, '_CAL2_': 0.001, '_CAL1_': 0.0001}		linear, 1/expConc.	FALSE	25	CID	2	198.1 -> 89.1	MRM	ISTD	198.1	89.1	5.522		strong			Negative	Close RT
U13C Ribose 5-phosphate					1	然	{'_CAL10_': 2, '_CAL9_': 1, '_CAL8_': 0.75, '_CAL7_': 0.5, '_CAL6_': 0.25, '_CAL5_': 0.1, '_CAL4_': 0.05, '_CAL3_': 0.01, '_CAL2_': 0.001, '_CAL1_': 0.0001}		linear, 1/expConc.	FALSE	48	CID	2	234.0 -> 79.0	MRM	ISTD	234	79	7.59					Negative	Close RT
U13C S-Adenosyl-homocysteine					1	然	{'_CAL10_': 2, '_CAL9_': 1, '_CAL8_': 0.75, '_CAL7_': 0.5, '_CAL6_': 0.25, '_CAL5_': 0.1, '_CAL4_': 0.05, '_CAL3_': 0.01, '_CAL2_': 0.001, '_CAL1_': 0.0001}		linear, 1/expConc.	FALSE	24	CID	2	397.1 -> 139.0	MRM	ISTD	397.1	139	4.494		strong			Negative	Close RT
U13C Sedoheptulose-7-phosphate					1	然	{'_CAL10_': 2, '_CAL9_': 1, '_CAL8_': 0.75, '_CAL7_': 0.5, '_CAL6_': 0.25, '_CAL5_': 0.1, '_CAL4_': 0.05, '_CAL3_': 0.01, '_CAL2_': 0.001, '_CAL1_': 0.0001}		linear, 1/expConc.	FALSE	18	CID	2	296.0 -> 96.9	MRM	ISTD	296	96.9	7.701	coelution	strong			Negative	Close RT
U13C Succinic acid					1	然	{'_CAL10_': 2, '_CAL9_': 1, '_CAL8_': 0.75, '_CAL7_': 0.5, '_CAL6_': 0.25, '_CAL5_': 0.1, '_CAL4_': 0.05, '_CAL3_': 0.01, '_CAL2_': 0.001, '_CAL1_': 0.0001}		linear, 1/expConc.	FALSE	10	CID	2	121.0 -> 76.1	MRM	ISTD	121	76.1	12.801		strong			Negative	Close RT
U13C Thymidine					1	然	{'_CAL10_': 2, '_CAL9_': 1, '_CAL8_': 0.75, '_CAL7_': 0.5, '_CAL6_': 0.25, '_CAL5_': 0.1, '_CAL4_': 0.05, '_CAL3_': 0.01, '_CAL2_': 0.001, '_CAL1_': 0.0001}		linear, 1/expConc.	FALSE	16	CID	2	251.1 -> 43.2	MRM	ISTD	251.1	43.2	4.633		strong			Negative	Close RT
U13C Tryptophan					1	然	{'_CAL10_': 2, '_CAL9_': 1, '_CAL8_': 0.75, '_CAL7_': 0.5, '_CAL6_': 0.25, '_CAL5_': 0.1, '_CAL4_': 0.05, '_CAL3_': 0.01, '_CAL2_': 0.001, '_CAL1_': 0.0001}		linear, 1/expConc.	FALSE	14	CID	2	214.1 -> 124.0	MRM	ISTD	214.1	124	7.39		strong			Negative	Close RT
U13C Tyrosine					1	然	{'_CAL10_': 2, '_CAL9_': 1, '_CAL8_': 0.75, '_CAL7_': 0.5, '_CAL6_': 0.25, '_CAL5_': 0.1, '_CAL4_': 0.05, '_CAL3_': 0.01, '_CAL2_': 0.001, '_CAL1_': 0.0001}		linear, 1/expConc.	FALSE	15	CID	2	189.0 -> 127.0	MRM	ISTD	189	127	2.079					Negative	Close RT
U13C Uridine					1	然	{'_CAL10_': 2, '_CAL9_': 1, '_CAL8_': 0.75, '_CAL7_': 0.5, '_CAL6_': 0.25, '_CAL5_': 0.1, '_CAL4_': 0.05, '_CAL3_': 0.01, '_CAL2_': 0.001, '_CAL1_': 0.0001}		linear, 1/expConc.	FALSE	12	CID	2	252.1 -> 115.0	MRM	ISTD	252.1	115	2.069					Negative	Close RT
U13C Uridine diphosphohexose					1	然	{'_CAL10_': 2, '_CAL9_': 1, '_CAL8_': 0.75, '_CAL7_': 0.5, '_CAL6_': 0.25, '_CAL5_': 0.1, '_CAL4_': 0.05, '_CAL3_': 0.01, '_CAL2_': 0.001, '_CAL1_': 0.0001}		linear, 1/expConc.	FALSE	24	CID	2	580.0 -> 331.9	MRM	ISTD	580	331.9	13.981		strong			Negative	Close RT
U13C Xylitol					1	然	{'_CAL10_': 2, '_CAL9_': 1, '_CAL8_': 0.75, '_CAL7_': 0.5, '_CAL6_': 0.25, '_CAL5_': 0.1, '_CAL4_': 0.05, '_CAL3_': 0.01, '_CAL2_': 0.001, '_CAL1_': 0.0001}		linear, 1/expConc.	FALSE	8	CID	2	156.1 -> 92.0	MRM	ISTD	156.1	92	1.252	coelution				Negative	Close RT
Uracil				13C5 15N1 Methionine	1	然	{'_CAL9_': 1, '_CAL8_': 0.75, '_CAL7_': 0.5, '_CAL6_': 0.25, '_CAL5_': 0.1, '_CAL4_': 0.05, '_CAL3_': 0.01, '_CAL2_': 0.001, '_CAL1_': 0.0001}		linear, 1/expConc.	TRUE	14	CID	2	111.0 -> 42.2	MRM	Target	111	42.2	1.555					Negative	Close RT
Uric acid				U13C Glyceric acid	1	然	{'_CAL9_': 1, '_CAL8_': 0.75, '_CAL7_': 0.5, '_CAL6_': 0.25, '_CAL5_': 0.1, '_CAL4_': 0.05, '_CAL3_': 0.01, '_CAL2_': 0.001, '_CAL1_': 0.0001}		linear, 1/expConc.	TRUE	13	CID	2	167.0 -> 124.0	MRM	Target	167	124	5.252		strong			Negative	Close RT
Uridine				U13C Uridine	1	然	{'_CAL9_': 1, '_CAL8_': 0.75, '_CAL7_': 0.5, '_CAL6_': 0.25, '_CAL5_': 0.1, '_CAL4_': 0.05, '_CAL3_': 0.01, '_CAL2_': 0.001, '_CAL1_': 0.0001}		linear, 1/expConc.	TRUE	12	CID	2	243.1 -> 110.0	MRM	Target	243.1	110	2.08	coelution				Negative	Close RT
Uridine diphosphohexose				U13C Uridine diphosphohexose	10	然	{'_CAL9_': 1, '_CAL8_': 0.75, '_CAL7_': 0.5, '_CAL6_': 0.25, '_CAL5_': 0.1, '_CAL4_': 0.05, '_CAL3_': 0.01, '_CAL2_': 0.001, '_CAL1_': 0.0001}		linear, 1/expConc.	TRUE	24	CID	2	565.0 -> 322.9	MRM	Target	565	322.9	13.979					Negative	Close RT
Uridine monophosphate				13C9 15N2 Uridine monophosphate 	10	然	{'_CAL9_': 1, '_CAL8_': 0.75, '_CAL7_': 0.5, '_CAL6_': 0.25, '_CAL5_': 0.1, '_CAL4_': 0.05, '_CAL3_': 0.01, '_CAL2_': 0.001, '_CAL1_': 0.0001}		linear, 1/expConc.	TRUE	48	CID	2	323.0 -> 79.1	MRM	Target	323	79.1	10.358					Negative	Close RT
Uridine triphosphate				U13C Phenylpyruvic acid	100	然	{'_CAL9_': 1, '_CAL8_': 0.75, '_CAL7_': 0.5, '_CAL6_': 0.25, '_CAL5_': 0.1, '_CAL4_': 0.05, '_CAL3_': 0.01, '_CAL2_': 0.001, '_CAL1_': 0.0001}		linear, 1/expConc.	TRUE	36	CID	2	483.0 -> 158.9	MRM	Target	483	158.9	16.93	coelution				Negative	Close RT
Valine				13C5 15N1 Valine	125	然	{'_CAL10_': 2, '_CAL9_': 1, '_CAL8_': 0.75, '_CAL7_': 0.5, '_CAL6_': 0.25, '_CAL5_': 0.1, '_CAL4_': 0.05, '_CAL3_': 0.01, '_CAL2_': 0.001, '_CAL1_': 0.0001}		linear, 1/expConc.	TRUE	5	CID	2	176.0 -> 116.0	MRM	Target	176	116	1.427					Negative	Close RT
Vanillic acid				U13C Pantothenic acid	1	然	{'_CAL9_': 1, '_CAL8_': 0.75, '_CAL7_': 0.5, '_CAL6_': 0.25, '_CAL5_': 0.1, '_CAL4_': 0.05, '_CAL3_': 0.01, '_CAL2_': 0.001, '_CAL1_': 0.0001}		linear, 1/expConc.	TRUE	18	CID	2	167.0 -> 108.0	MRM	Target	167	108	12.36					Negative	Close RT
Xanthine				13C6 15N1 Isoleucine	1	然	{'_CAL9_': 1, '_CAL8_': 0.75, '_CAL7_': 0.5, '_CAL6_': 0.25, '_CAL5_': 0.1, '_CAL4_': 0.05, '_CAL3_': 0.01, '_CAL2_': 0.001, '_CAL1_': 0.0001}		linear, 1/expConc.	TRUE	16	CID	2	151.0 -> 108.0	MRM	Target	151	108	1.927	coelution				Negative	Close RT
Xanthosine				U13C Sedoheptulose-7-phosphate	0.1	然	{'_CAL9_': 1, '_CAL8_': 0.75, '_CAL7_': 0.5, '_CAL6_': 0.25, '_CAL5_': 0.1, '_CAL4_': 0.05, '_CAL3_': 0.01, '_CAL2_': 0.001, '_CAL1_': 0.0001}		linear, 1/expConc.	TRUE	18	CID	2	283.1 -> 151.0	MRM	Target	283.1	151	7.844		strong			Negative	Close RT
Xanthurenic acid				U13C Aconitic acid	100	然	{'_CAL9_': 1, '_CAL8_': 0.75, '_CAL7_': 0.5, '_CAL6_': 0.25, '_CAL5_': 0.1, '_CAL4_': 0.05, '_CAL3_': 0.01, '_CAL2_': 0.001, '_CAL1_': 0.0001}		linear, 1/expConc.	TRUE	29	CID	21	204.0 -> 116.1	MRM	Target	204	116.1	14.611					Negative	Close RT
Xylitol				U13C Xylitol	10	然	{'_CAL9_': 1, '_CAL8_': 0.75, '_CAL7_': 0.5, '_CAL6_': 0.25, '_CAL5_': 0.1, '_CAL4_': 0.05, '_CAL3_': 0.01, '_CAL2_': 0.001, '_CAL1_': 0.0001}		linear, 1/expConc.	TRUE	8	CID	2	151.1 -> 89.0	MRM	Target	151.1	89	1.265					Negative	Close RT
Xylulose 5-phosphate				U13C Ribose 5-phosphate	10	然	{'_CAL9_': 1, '_CAL8_': 0.75, '_CAL7_': 0.5, '_CAL6_': 0.25, '_CAL5_': 0.1, '_CAL4_': 0.05, '_CAL3_': 0.01, '_CAL2_': 0.001, '_CAL1_': 0.0001}		linear, 1/expConc.	TRUE	36	CID	2	229.0 -> 79.0	MRM	Target	229	79	8.492					Negative	Close RT
